Variable Name;.;.;.;Fiscal income  | individuals | Average | Adults | constant 2015 local currency;Fiscal income  | tax unit | Average | Adults | constant 2015 local currency;Pre-tax national income  | individuals | Average | Adults | constant 2015 local currency;Pre-tax national income  | tax unit | Average | Adults | constant 2015 local currency;Fiscal income  | tax unit | Beta coefficient | Adults | constant 2015 local currency;Pre-tax national income  | tax unit | Beta coefficient | Adults | constant 2015 local currency;Pre-tax national income  | tax unit | Threshold | Adults | constant 2015 local currency;Fiscal income  | individuals | Total | All Ages | constant 2015 local currency;Pre-tax national income  | individuals | Total | All Ages | constant 2015 local currency;Fiscal income  | tax unit | Share | Adults | share of total (ratio);Pre-tax national income  | tax unit | Share | Adults | share of total (ratio);Fiscal income  | tax unit | Threshold | Adults | constant 2015 local currency
Variable Category;.;.;.;Income inequality;Income inequality;Income inequality;Income inequality;Income inequality;Income inequality;Income inequality;Income inequality;Income inequality;Income inequality;Income inequality;Income inequality
Variable Description;.;.;.;Average Fiscal income within a given percentile group. Fiscal income is defined as the sum of all income items reported on income tax returns, before any deduction. It includes labour income, capital income and mixed income. The concept of fiscal income varies with national tax legislations, so in order to make international comparisons it is preferable to use the concept of national income. The population is comprised of individuals over age 20. The base unit is the individual (rather than the household). This is equivalent to assuming no sharing of resources within couples.;Average Fiscal income within a given percentile group. Fiscal income is defined as the sum of all income items reported on income tax returns, before any deduction. It includes labour income, capital income and mixed income. The concept of fiscal income varies with national tax legislations, so in order to make international comparisons it is preferable to use the concept of national income. The population is comprised of individuals over age 20. The base unit is the tax unit defined by national fiscal administrations to measure personal income taxes.;Average Pre-tax national income within a given percentile group. Pre-tax national income  is the sum of all pre-tax personal income flows accruing to the owners of the production factors, labor and capital, before taking into account the operation of the tax/transfer system, but after taking into account the operation of pension system. The central difference between personal factor income and pre-tax income is the treatment of pensions, which are counted on a contribution basis by factor income and on a distribution basis by pre-tax income. The population is comprised of individuals over age 20. The base unit is the individual (rather than the household). This is equivalent to assuming no sharing of resources within couples.;Average Pre-tax national income within a given percentile group. Pre-tax national income  is the sum of all pre-tax personal income flows accruing to the owners of the production factors, labor and capital, before taking into account the operation of the tax/transfer system, but after taking into account the operation of pension system. The central difference between personal factor income and pre-tax income is the treatment of pensions, which are counted on a contribution basis by factor income and on a distribution basis by pre-tax income. The population is comprised of individuals over age 20. The base unit is the tax unit defined by national fiscal administrations to measure personal income taxes.;The beta coefficient corresponds to the inverted Pareto-Lorenz coefficient. It is equal to mean income over percentile <percentile>. A coefficient b=2=200% for an income level 100 000 EUR means that the average income above 100 000 EUR is 200 000 EUR, a coefficient of 3 or 300% at income level 1 000 000 EUR means that the average income level above 1 000 000 EUR in a given population is 3 000 000 EUR.;The beta coefficient corresponds to the inverted Pareto-Lorenz coefficient. It is equal to mean income over percentile <percentile>. A coefficient b=2=200% for an income level 100 000 EUR means that the average income above 100 000 EUR is 200 000 EUR, a coefficient of 3 or 300% at income level 1 000 000 EUR means that the average income level above 1 000 000 EUR in a given population is 3 000 000 EUR.;Pre-tax national income threshold value at a given percentile.  Pre-tax national income  is the sum of all pre-tax personal income flows accruing to the owners of the production factors, labor and capital, before taking into account the operation of the tax/transfer system, but after taking into account the operation of pension system. The central difference between personal factor income and pre-tax income is the treatment of pensions, which are counted on a contribution basis by factor income and on a distribution basis by pre-tax income. The population is comprised of individuals over age 20. The base unit is the tax unit defined by national fiscal administrations to measure personal income taxes.;Total Fiscal income  within a given percentile group. Fiscal income is defined as the sum of all income items reported on income tax returns, before any deduction. It includes labour income, capital income and mixed income. The concept of fiscal income varies with national tax legislations, so in order to make international comparisons it is preferable to use the concept of national income. The population is comprised of individuals of all ages.;Total Pre-tax national income  within a given percentile group. Pre-tax national income  is the sum of all pre-tax personal income flows accruing to the owners of the production factors, labor and capital, before taking into account the operation of the tax/transfer system, but after taking into account the operation of pension system. The central difference between personal factor income and pre-tax income is the treatment of pensions, which are counted on a contribution basis by factor income and on a distribution basis by pre-tax income. The population is comprised of individuals of all ages.;Fiscal income share held by a given percentile group. Fiscal income is defined as the sum of all income items reported on income tax returns, before any deduction. It includes labour income, capital income and mixed income. The concept of fiscal income varies with national tax legislations, so in order to make international comparisons it is preferable to use the concept of national income. The population is comprised of individuals over age 20. The base unit is the tax unit defined by national fiscal administrations to measure personal income taxes.;Pre-tax national income share held by a given percentile group. Pre-tax national income  is the sum of all pre-tax personal income flows accruing to the owners of the production factors, labor and capital, before taking into account the operation of the tax/transfer system, but after taking into account the operation of pension system. The central difference between personal factor income and pre-tax income is the treatment of pensions, which are counted on a contribution basis by factor income and on a distribution basis by pre-tax income. The population is comprised of individuals over age 20. The base unit is the tax unit defined by national fiscal administrations to measure personal income taxes.;Fiscal income threshold value at a given percentile.  Fiscal income is defined as the sum of all income items reported on income tax returns, before any deduction. It includes labour income, capital income and mixed income. The concept of fiscal income varies with national tax legislations, so in order to make international comparisons it is preferable to use the concept of national income. The population is comprised of individuals over age 20. The base unit is the tax unit defined by national fiscal administrations to measure personal income taxes.
Variable Decomposition;.;.;.;[Fiscal income ]=[Fiscal labour income ]+[Fiscal capital income ];[Fiscal income ]=[Fiscal labour income ]+[Fiscal capital income ];Pre-tax national income =Pre-tax labor income [total pre-tax income ranking]+Pre-tax capital income [total pre-tax income ranking];Pre-tax national income =Pre-tax labor income [total pre-tax income ranking]+Pre-tax capital income [total pre-tax income ranking];[Fiscal income ]=[Fiscal labour income ]+[Fiscal capital income ];Pre-tax national income =Pre-tax labor income [total pre-tax income ranking]+Pre-tax capital income [total pre-tax income ranking];Pre-tax national income =Pre-tax labor income [total pre-tax income ranking]+Pre-tax capital income [total pre-tax income ranking];[Fiscal income ]=[Fiscal labour income ]+[Fiscal capital income ];Pre-tax national income =Pre-tax labor income [total pre-tax income ranking]+Pre-tax capital income [total pre-tax income ranking];[Fiscal income ]=[Fiscal labour income ]+[Fiscal capital income ];Pre-tax national income =Pre-tax labor income [total pre-tax income ranking]+Pre-tax capital income [total pre-tax income ranking];[Fiscal income ]=[Fiscal labour income ]+[Fiscal capital income ]
Variable Unit;.;.;.;"MUR; Mauritian rupee | local currency | market";"MUR; Mauritian rupee | local currency | market";"MUR; Mauritian rupee | local currency | market";"MUR; Mauritian rupee | local currency | market";;;"MUR; Mauritian rupee | local currency | market";"MUR; Mauritian rupee | local currency | market";"MUR; Mauritian rupee | local currency | market";share;share;"MUR; Mauritian rupee | local currency | market"
Methodological Notes;.;.;.;Adults are individuals aged 15+. Excludes capital gains. Individuals aged 15+ minus the number of married women and those not married but living together. Excludes capital gains.;Adults are individuals aged 15+. Excludes capital gains. Individuals aged 15+ minus the number of married women and those not married but living together. Excludes capital gains.;Fiscal income rescaled to match the macroeconomic aggregates.;Fiscal income rescaled to match the macroeconomic aggregates.;Adults are individuals aged 15+. Excludes capital gains. Individuals aged 15+ minus the number of married women and those not married but living together. Excludes capital gains.;Fiscal income rescaled to match the macroeconomic aggregates.;Fiscal income rescaled to match the macroeconomic aggregates.;Adults are individuals aged 15+. Excludes capital gains. Individuals aged 15+ minus the number of married women and those not married but living together. Excludes capital gains.;Fiscal income rescaled to match the macroeconomic aggregates.;Adults are individuals aged 15+. Excludes capital gains. Individuals aged 15+ minus the number of married women and those not married but living together. Excludes capital gains.;Fiscal income rescaled to match the macroeconomic aggregates.;Adults are individuals aged 15+. Excludes capital gains. Individuals aged 15+ minus the number of married women and those not married but living together. Excludes capital gains.
Sources;.;.;.;"Atkinson, Anthony B. (2011). Income Distribution and Taxation in Mauritius: A Seventy-five Year History of Top Incomes; mimeo. Series updated by the same author.";"Atkinson, Anthony B. (2011). Income Distribution and Taxation in Mauritius: A Seventy-five Year History of Top Incomes; mimeo. Series updated by the same author.";WID.world computations using fiscal and net national income.;WID.world computations using fiscal and net national income.;"Atkinson, Anthony B. (2011). Income Distribution and Taxation in Mauritius: A Seventy-five Year History of Top Incomes; mimeo. Series updated by the same author.";WID.world computations using fiscal and net national income.;WID.world computations using fiscal and net national income.;"Atkinson, Anthony B. (2011). Income Distribution and Taxation in Mauritius: A Seventy-five Year History of Top Incomes; mimeo. Series updated by the same author.";WID.world computations using fiscal and net national income.;"Atkinson, Anthony B. (2011). Income Distribution and Taxation in Mauritius: A Seventy-five Year History of Top Incomes; mimeo. Series updated by the same author.";WID.world computations using fiscal and net national income.;"Atkinson, Anthony B. (2011). Income Distribution and Taxation in Mauritius: A Seventy-five Year History of Top Incomes; mimeo. Series updated by the same author."
Variable Code;country;year;perc;afiinc992i;afiinc992t;aptinc992i;aptinc992t;bfiinc992t;bptinc992t;tptinc992t;mfiinc999i;mptinc999i;sfiinc992t;sptinc992t;tfiinc992t
;MU;2011;p0p100;342472.46875;488308.03125;370301.96875;527988.1875;;;;3.34636023808e+11;3.61828712448e+11;;;
;MU;2011;p99p100;;3458363.75;;3739392.0;;;;;;0.0708233416;0.0708233416;
;MU;2011;p90p100;;895167.875;;967909.625;;;;;;0.1833203584;0.1833203584;
;MU;2011;p90p95;;427744.53125;;462503.25;;;;;;0.0437986478;0.0437986478;
;MU;2011;p95p99;;838648.8125;;906797.8125;;;;;;0.0686983764;0.0686983764;
;MU;2011;p99p99.5;;1868964.375;;2020837.375;;;;;;0.0191371273;0.0191371273;
;MU;2011;p95p100;;1362591.125;;1473316.0;;;;;;0.139521718;0.139521718;
;MU;2011;p99.5p100;;5047763.0;;5457947.0;;;;;;0.0516862124;0.0516862124;
;MU;2010;p0p100;325011.28125;463410.96875;361516.4375;515461.15625;;;;3.15770568704e+11;3.51237799936e+11;;;
;MU;2010;p99p100;;3259935.25;;3626090.0;;;;;;0.0703464597;0.0703464597;
;MU;2010;p99.9p100;;10207592.0;;11354105.0;;;;;;0.0220267996;0.0220267996;
;MU;2010;p95p99;;814124.0625;;905566.1875;;;;;;0.0702723488;0.0702723488;
;MU;2010;p99.5p99.9;;3353317.0;;3729960.5;;;;;;0.0289447084;0.0289447084;
;MU;2010;p99p99.5;;1795714.625;;1997408.75;;;;;;0.0193749499;0.0193749499;
;MU;2010;p95p100;;1303285.625;;1449670.25;;;;;;0.1406188011;0.1406188011;
;MU;2010;p99.5p100;;4724155.5;;5254771.0;;;;;;0.050971508;0.050971508;
;MU;2009;p0p100;318027.15625;453452.9375;373161.21875;532064.75;;;;3.07186270208e+11;3.60440922112e+11;;;
;MU;2008;p0p100;324046.53125;462035.59375;380294.9375;542236.3125;;;;3.11119970304e+11;3.65124583424e+11;;;
;MU;2008;p99p100;;3288229.25;;3859004.25;2.2501647472;2.2501647472;1714987.375;;;0.0711682439;0.0711682439;1461328.25
;MU;2008;p99.9p100;;10328693.0;;12121561.0;1.8927464485;1.8927464485;6404218.0;;;0.0223544687;0.0223544687;5456987.0
;MU;2008;p90p100;;882222.5;;1035359.8125;;;;;;0.1909425855;0.1909425855;
;MU;2008;p90p95;;438390.8125;;514487.28125;;;;;;0.0474412516;0.0474412516;
;MU;2008;p95p99;;835511.125;;980540.1875;;;;;;0.07233309;0.07233309;
;MU;2008;p99.5p99.9;;3387258.25;;3975222.75;;;2635296.5;;;0.0293247122;0.0293247122;2245516.75
;MU;2008;p99p99.5;;1800929.75;;2113537.5;;;1714987.375;;;0.0194890611;0.0194890611;1461328.25
;MU;2008;p95p100;;1326054.125;;1556232.25;;;;;;0.1435013264;0.1435013264;
;MU;2008;p99.5p100;;4775528.5;;5604471.0;2.1266946793;2.1266946793;2635296.5;;;0.0516791791;0.0516791791;2245516.75
;MU;2007;p0p100;330620.75;471409.375;371547.53125;529764.0625;;;;3.15404910592e+11;3.544481792e+11;;;
;MU;2007;p99p100;;3072653.25;;3453009.75;2.3597257137;2.3597257137;1463309.75;;;0.0651800856;0.0651800856;1302123.0
;MU;2007;p99.9p100;;10295544.0;;11570006.0;1.9397485256;1.9397485256;5964693.5;;;0.021839641;0.021839641;5307669.5
;MU;2007;p95p99;;732380.5;;823040.1875;;;;;;0.0621439405;0.0621439405;
;MU;2007;p99.5p99.9;;3132288.5;;3520027.25;;;2221242.25;;;0.0265781302;0.0265781302;1976567.625
;MU;2007;p99p99.5;;1580383.875;;1776015.875;;;1463309.75;;;0.0167623125;0.0167623125;1302123.0
;MU;2007;p95p100;;1200434.5;;1349033.5;;;;;;0.1273240298;0.1273240298;
;MU;2007;p99.5p100;;4564922.5;;5130003.5;2.3095200062;2.3095202446;2221242.25;;;0.0484177694;0.0484177694;1976567.625
;MU;2006;p0p100;318753.5625;454488.84375;350382.90625;499586.9375;;;;3.00837076992e+11;3.3068859392e+11;;;
;MU;2006;p99p100;;2708091.5;;2976810.5;2.1936850548;2.1936850548;1356990.875;;;0.0595853776;0.0595853776;1234494.25
;MU;2006;p99.9p100;;8729947.0;;9596204.0;1.8652143478;1.8652143478;5144826.5;;;0.0192080289;0.0192080289;4680399.0
;MU;2006;p95p99;;719331.5;;790709.4375;;;;;;0.0633090883;0.0633090883;
;MU;2006;p99.5p99.9;;2753418.25;;3026634.75;;;2016423.375;;;0.0242331456;0.0242331456;1834399.375
;MU;2006;p99.9p99.95;;5638411.0;;6197900.5;;;5144826.5;;;0.0062025748;0.0062025748;4680399.0
;MU;2006;p99p99.5;;1467473.5;;1613088.125;;;1356990.875;;;0.016144203;0.016144203;1234494.25
;MU;2006;p95p100;;1117083.0;;1227929.125;;;;;;0.1228944659;0.1228944659;
;MU;2006;p99.5p100;;3948709.75;;4340533.0;2.1525900364;2.1525900364;2016423.375;;;0.0434411764;0.0434411764;1834399.375
;MU;2006;p99.95p100;;11821115.0;;12994103.0;;;;;;0.0130054532;0.0130054532;
;MU;2005;p0p100;308763.84375;440244.96875;353124.28125;503495.4375;;;;2.89159512064e+11;3.30703372288e+11;;;
;MU;2005;p99p100;;2190485.75;;2505195.0;2.1397507191;2.1397507191;1170788.25;;;0.0497560129;0.0497560129;1023710.625
;MU;2005;p99.9p100;;7068525.0;;8084067.5;1.8953437805;1.8953437805;4265225.0;;;0.0160556827;0.0160556827;3729415.75
;MU;2005;p90p100;;614647.25;;702954.25;;;;;;0.1396148503;0.1396148503;
;MU;2005;p90p95;;298433.84375;;341310.15625;;;;;;0.0338940732;0.0338940732;
;MU;2005;p95p99;;615954.875;;704449.75;;;;;;0.0559647642;0.0559647642;
;MU;2005;p99.5p99.9;;2185365.75;;2499339.5;;;1698556.5;;;0.0198559444;0.0198559444;1485179.125
;MU;2005;p99.9p99.95;;4497066.0;;5143164.5;;;4265225.0;;;0.0051070885;0.0051070885;3729415.75
;MU;2005;p99p99.5;;1218985.375;;1394118.375;;;1170788.25;;;0.0138443848;0.0138443848;1023710.625
;MU;2005;p95p100;;930860.625;;1064598.375;;;;;;0.1057207808;0.1057207808;
;MU;2005;p99.5p100;;3161985.75;;3616271.75;2.1290266514;2.129026413;1698556.5;;;0.0359116271;0.0359116271;1485179.125
;MU;2005;p99.95p100;;9639677.0;;11024620.0;;;;;;0.0109485947;0.0109485947;
;MU;2004;p0p100;296579.0;422871.46875;350814.84375;500202.59375;;;;2.7543650304e+11;3.25805965312e+11;;;
;MU;2004;p99p100;;2230941.0;;2638916.25;2.1331017017;2.1331017017;1237126.375;;;0.0527568981;0.0527568981;1045867.125
;MU;2004;p99.9p100;;7343879.0;;8686865.0;1.9416997433;1.9416997433;4473845.5;;;0.0173664689;0.0173664689;3782190.75
;MU;2004;p90p100;;641683.5625;;759029.1875;;;;;;0.1517443955;0.1517443955;
;MU;2004;p90p95;;330706.1875;;391182.90625;;;;;;0.0391024537;0.0391024537;
;MU;2004;p95p99;;633091.5;;748865.875;;;;;;0.0598850362;0.0598850362;
;MU;2004;p99.5p99.9;;2202976.25;;2605837.75;;;1776703.625;;;0.0208383016;0.0208383016;1502025.875
;MU;2004;p99.9p99.95;;4528365.0;;5356473.5;;;4473845.5;;;0.0053539164;0.0053539164;3782190.75
;MU;2004;p99p99.5;;1230737.25;;1455803.875;;;1237126.375;;;0.0145521294;0.0145521294;1045867.125
;MU;2004;p95p100;;952661.0;;1126875.5;;;;;;0.112641938;0.112641938;
;MU;2004;p99.5p100;;3231144.5;;3822028.5;2.1511909962;2.1511907578;1776703.625;;;0.0382047705;0.0382047705;1502025.875
;MU;2004;p99.95p100;;10159057.0;;12016859.0;;;;;;0.0120125534;0.0120125534;
;MU;2003;p0p100;290967.90625;414870.5;334841.3125;477426.5;;;;2.67819646976e+11;3.08202668032e+11;;;
;MU;2003;p99p100;;2129594.25;;2450703.75;2.1020750999;2.1020750999;1165849.75;;;0.0513314903;0.0513314903;1013091.375
;MU;2003;p99.9p100;;6900778.5;;7941308.5;1.8709568977;1.8709568977;4244517.0;;;0.0166333579;0.0166333579;3688368.5
;MU;2003;p95p99;;606371.8125;;697803.25;;;;;;0.0584637523;0.0584637523;
;MU;2003;p99.5p99.9;;2113346.25;;2432006.0;;;1660671.5;;;0.0203760024;0.0203760024;1443077.875
;MU;2003;p99p99.5;;1188367.0;;1367554.25;;;1165849.75;;;0.0143221309;0.0143221309;1013091.375
;MU;2003;p95p100;;911015.9375;;1048382.9375;;;;;;0.1097952425;0.1097952425;
;MU;2003;p99.5p100;;3070821.5;;3533853.25;2.127966404;2.1279666424;1660671.5;;;0.0370093621;0.0370093621;1443077.875
;MU;2002;p0p100;275489.5625;392801.40625;316825.09375;451738.875;;;;2.51181187072e+11;2.88869384192e+11;;;
;MU;2002;p99p100;;1530386.375;;1760011.5;1.9161248207;1.9161247015;918526.625;;;0.0389607772;0.0389607772;798688.25
;MU;2002;p99.9p100;;4470429.0;;5141190.0;1.8430126905;1.8430126905;2789557.5;;;0.0113807423;0.0113807423;2425609.5
;MU;2002;p95p99;;494729.4375;;568960.625;;;;;;0.0503796265;0.0503796265;
;MU;2002;p99.5p99.9;;1528616.0;;1757975.5;;;1283635.25;;;0.0155663295;0.0155663295;1116162.0
;MU;2002;p99.9p99.95;;2980859.5;;3428119.5;;;2789557.5;;;0.0037940845;0.0037940845;2425609.5
;MU;2002;p99p99.5;;943801.125;;1085412.75;;;918526.625;;;0.0120137073;0.0120137073;798688.25
;MU;2002;p95p100;;701860.5625;;807170.5;;;;;;0.0893404037;0.0893404037;
;MU;2002;p99.5p100;;2116971.5;;2434610.25;1.8966525793;1.8966526985;1283635.25;;;0.0269470718;0.0269470718;1116162.0
;MU;2002;p99.95p100;;5959821.0;;6854056.0;;;;;;0.0075866575;0.0075866575;
;MU;2001;p0p100;270419.125;385571.34375;315968.21875;450516.53125;;;;2.44124090368e+11;2.85244096512e+11;;;
;MU;2001;p99p100;;1870372.625;;2185416.25;2.0567755699;2.0567758083;1062544.75;;;0.0485090762;0.0485090762;909371.3125
;MU;2001;p99.9p100;;5929333.0;;6928063.5;1.8831595182;1.8831595182;3678957.25;;;0.0153778465;0.0153778465;3148609.0
;MU;2001;p95p99;;549156.9375;;641656.3125;;;;;;0.0569707528;0.0569707528;
;MU;2001;p99.5p99.9;;1858303.75;;2171314.5;;;1510473.0;;;0.0192784816;0.0192784816;1292727.375
;MU;2001;p99p99.5;;1068245.375;;1248179.5;;;1062544.75;;;0.0138527462;0.0138527462;909371.3125
;MU;2001;p95p100;;813399.75;;950407.9375;;;;;;0.105479829;0.105479829;
;MU;2001;p99.5p100;;2672500.0;;3122653.0;2.0673344135;2.0673344135;1510473.0;;;0.0346563272;0.0346563272;1292727.375
;MU;2000;p0p100;263211.03125;375294.28125;305747.875;435944.625;;;;2.3518380032e+11;2.7319123968e+11;;;
;MU;2000;p90p100;;533273.3125;;619454.1875;;;;;;0.1420947313;0.1420947313;
;MU;2000;p90p95;;269985.1875;;313616.78125;;;;;;0.0359698087;0.0359698087;
;MU;2000;p95p100;;796561.375;;925291.625;;;;;;0.1061249301;0.1061249301;
;MU;1999;p0p100;252283.765625;359258.34375;290955.5625;414327.9375;;;;2.21720608768e+11;2.5570746368e+11;;;
;MU;1999;p95p100;;784964.0625;;905288.6875;;;;;;0.1092478707;0.1092478707;
;MU;1998;p0p100;246636.96875;350764.0625;289415.25;411602.84375;;;;2.1313232896e+11;2.50099351552e+11;;;
;MU;1998;p99p100;;1665902.625;;1954847.375;1.9576580524;1.9576580524;998564.25;;;0.0474934913;0.0474934913;850967.125
;MU;1998;p95p99;;527763.125;;619301.75;;;;;;0.0601844341;0.0601844341;
;MU;1998;p99p99.5;;992191.4375;;1164283.5;;;998564.25;;;0.0141432742;0.0141432742;850967.125
;MU;1998;p95p100;;755390.75;;886410.5625;;;;;;0.1076779217;0.1076779217;
;MU;1998;p99.5p100;;2339613.75;;2745411.25;1.937024951;1.937024951;1417334.0;;;0.0333502181;0.0333502181;1207838.75
;MU;1997;p0p100;247836.265625;352022.1875;284259.0;403756.40625;;;;2.10493784064e+11;2.41428545536e+11;;;
;MU;1997;p99p100;;1583286.875;;1815971.25;1.9087895155;1.9087895155;951373.25;;;0.0449768566;0.0449768566;829471.6875
;MU;1997;p90p100;;508777.9375;;583549.375;;;;;;0.1445300877;0.1445300877;
;MU;1997;p90p95;;283355.5;;324998.21875;;;;;;0.0402468294;0.0402468294;
;MU;1997;p95p99;;521929.0625;;598633.25;;;;;;0.0593064092;0.0593064092;
;MU;1997;p99p99.5;;959657.0625;;1100691.0;;;951373.25;;;0.0136306183;0.0136306183;829471.6875
;MU;1997;p95p100;;734200.375;;842100.5625;;;;;;0.1042832658;0.1042832658;
;MU;1997;p99.5p100;;2206916.75;;2531251.5;1.9198843241;1.9198843241;1318439.625;;;0.0313462391;0.0313462391;1149505.0
;MU;1996;p0p100;235558.453125;334188.46875;271934.28125;385795.09375;;;;1.96510171136e+11;2.26856009728e+11;;;
;MU;1996;p99p100;;1509806.375;;1742956.375;1.8812603951;1.8812605143;926483.25;;;0.0451782458;0.0451782458;802550.4375
;MU;1996;p95p99;;509579.40625;;588270.625;;;;;;0.060993094;0.060993094;
;MU;1996;p99p99.5;;928380.3125;;1071744.25;;;926483.25;;;0.0138900578;0.0138900578;802550.4375
;MU;1996;p95p100;;709624.5625;;819207.4375;;;;;;0.1061713398;0.1061713398;
;MU;1996;p99.5p100;;2091232.375;;2414168.25;1.8826164007;1.8826162815;1282347.5;;;0.031288188;0.031288188;1110811.75
;MU;1995;p0p100;230014.625;325977.5;265186.4375;375823.09375;;;;1.88340355072e+11;2.1713969152e+11;;;
;MU;1995;p99p100;;1506352.375;;1736690.5;1.9170044661;1.9170043468;905939.75;;;0.0462102741;0.0462102741;785784.5
;MU;1995;p90p100;;497838.9375;;573964.0625;;;;;;0.1527218968;0.1527218968;
;MU;1995;p90p95;;298158.3125;;343750.03125;;;;;;0.0457329676;0.0457329676;
;MU;1995;p95p99;;495311.65625;;571050.3125;;;;;;0.0607786626;0.0607786626;
;MU;1995;p99p99.5;;918010.875;;1058385.0;;;905939.75;;;0.0140808793;0.0140808793;785784.5
;MU;1995;p95p100;;697519.5625;;804178.0625;;;;;;0.1069889367;0.1069889367;
;MU;1995;p99.5p100;;2094693.875;;2414996.0;1.9101288319;1.9101288319;1264310.5;;;0.032129392;0.032129392;1096624.375
;MU;1994;p0p100;223501.5;316467.0;261507.171875;370281.125;;;;1.79469697024e+11;2.09987895296e+11;;;
;MU;1994;p99p100;;1484011.25;;1736362.375;1.9098761082;1.9098761082;909149.25;;;0.0468930416;0.0468930416;777019.6875
;MU;1994;p90p100;;489420.59375;;572644.875;;;;;;0.1546514332;0.1546514332;
;MU;1994;p90p95;;288851.65625;;337969.875;;;;;;0.0456369445;0.0456369445;
;MU;1994;p95p99;;491484.375;;575059.625;;;;;;0.0621214435;0.0621214435;
;MU;1994;p99p99.5;;908196.6875;;1062632.375;;;909149.25;;;0.0143489819;0.0143489819;777019.6875
;MU;1994;p95p100;;689989.5;;807319.875;;;;;;0.1090144813;0.1090144813;
;MU;1994;p99.5p100;;2059826.0;;2410092.25;1.9019582272;1.9019581079;1267163.75;;;0.0325440578;0.0325440578;1083002.75
;MU;1993;p0p100;219557.90625;310637.9375;256457.8125;362845.1875;;;;1.72773408768e+11;2.01810509824e+11;;;
;MU;1993;p99p100;;1409369.375;;1646234.375;1.8634324074;1.8634325266;883441.9375;;;0.0453701168;0.0453701168;756329.75
;MU;1993;p90p100;;467017.21875;;545506.25;;;;;;0.1503413618;0.1503413618;
;MU;1993;p90p95;;267340.75;;312271.25;;;;;;0.0430309325;0.0430309325;
;MU;1993;p95p99;;481025.03125;;561868.3125;;;;;;0.0619403124;0.0619403124;
;MU;1993;p99p99.5;;873393.8125;;1020180.375;;;883441.9375;;;0.0140580535;0.0140580535;756329.75
;MU;1993;p95p100;;666693.6875;;778741.25;;;;;;0.1073104292;0.1073104292;
;MU;1993;p99.5p100;;1945344.875;;2272288.5;1.8696165085;1.8696165085;1215376.75;;;0.0313120633;0.0313120633;1040504.75
;MU;1992;p0p100;219934.421875;310868.4375;252492.359375;356887.78125;;;;1.69595830272e+11;1.94701901824e+11;;;
;MU;1991;p0p100;212948.921875;300531.15625;243766.171875;344023.0;;;;1.61052852224e+11;1.84359878656e+11;;;
;MU;1991;p99p100;;1506457.25;;1724466.625;1.8921080828;1.8921080828;911399.625;;;0.0501264445;0.0501264445;796179.25
;MU;1991;p90p100;;490037.34375;;560953.875;;;;;;0.1630571187;0.1630571187;
;MU;1991;p90p95;;274304.96875;;314001.46875;;;;;;0.0456367061;0.0456367061;
;MU;1991;p95p99;;505598.125;;578766.5625;;;;;;0.0672939792;0.0672939792;
;MU;1991;p99p99.5;;938196.0625;;1073968.625;;;911399.625;;;0.0156089505;0.0156089505;796179.25
;MU;1991;p95p100;;705769.6875;;807906.3125;;;;;;0.1174204201;0.1174204201;
;MU;1991;p99.5p100;;2074718.375;;2374964.5;1.9119848013;1.9119848013;1242146.125;;;0.0345174931;0.0345174931;1085112.375
;MU;1990;p0p100;188607.953125;265545.625;217124.875;305695.28125;;;;1.40116475904e+11;1.6130162688e+11;;;
;MU;1990;p99p100;;1309374.5;;1507347.625;1.9544019699;1.9544019699;771257.75;;;0.0493087843;0.0493087843;669961.6875
;MU;1990;p90p100;;413025.65625;;475473.78125;;;;;;0.1555385292;0.1555385292;
;MU;1990;p90p95;;231735.796875;;266773.5;;;;;;0.0436339043;0.0436339043;
;MU;1990;p95p99;;415551.03125;;478381.0;;;;;;0.0625958368;0.0625958368;
;MU;1990;p99p99.5;;793897.6875;;913932.4375;;;771257.75;;;0.0149484091;0.0149484091;669961.6875
;MU;1990;p95p100;;594315.5;;684174.0625;;;;;;0.1119046211;0.1119046211;
;MU;1990;p99.5p100;;1824851.25;;2100762.75;1.9596376419;1.9596376419;1072016.0;;;0.0343603753;0.0343603753;931218.6875
;MU;1989;p0p100;191185.90625;268139.6875;219270.75;307528.875;;;;1.39845025792e+11;1.60388005888e+11;;;
;MU;1989;p99p100;;1275130.625;;1462444.875;1.9168368578;1.916836977;762946.9375;;;0.0475546718;0.0475546718;665226.4375
;MU;1989;p99.9p100;;3799125.25;;4357209.5;1.8850986958;1.8850986958;2311396.0;;;0.0141682746;0.0141682746;2015345.5
;MU;1989;p90p100;;411484.25;;471930.5;;;;;;0.1534589529;0.1534589529;
;MU;1989;p90p95;;231664.125;;265695.15625;;;;;;0.0431984179;0.0431984179;
;MU;1989;p95p99;;420348.0625;;482096.40625;;;;;;0.0627058744;0.0627058744;
;MU;1989;p99.5p99.9;;1295251.75;;1485521.75;;;1060726.125;;;0.0193220861;0.0193220861;924865.125
;MU;1989;p99p99.5;;754240.6875;;865037.25;;;762946.9375;;;0.014064312;0.014064312;665226.4375
;MU;1989;p95p100;;591304.375;;678165.875;;;;;;0.1102605462;0.1102605462;
;MU;1989;p99.5p100;;1796020.5;;2059852.5;1.941926837;1.941926837;1060726.125;;;0.0334903598;0.0334903598;924865.125
;MU;1988;p0p100;182554.984375;254836.078125;211685.0;295499.875;;;;1.3168603136e+11;1.52698978304e+11;;;
;MU;1988;p99p100;;1078839.125;;1250987.875;1.8156647682;1.8156650066;688997.0625;;;0.0423345901;0.0423345901;594184.0625
;MU;1988;p99.9p100;;3061447.75;;3549958.5;1.7999616861;1.7999616861;1972241.125;;;0.0120132463;0.0120132463;1700840.5
;MU;1988;p90p100;;400599.75;;464522.84375;;;;;;0.1571990401;0.1571990401;
;MU;1988;p90p95;;243290.84375;;282112.40625;;;;;;0.0477347858;0.0477347858;
;MU;1988;p95p99;;427676.25;;495919.90625;;;;;;0.0671296641;0.0671296641;
;MU;1988;p99.5p99.9;;1115007.25;;1292927.25;;;941875.5;;;0.0175015964;0.0175015964;812263.8125
;MU;1988;p99.9p99.95;;2013417.75;;2334695.75;;;1972241.125;;;0.0039501311;0.0039501311;1700840.5
;MU;1988;p99p99.5;;653387.5;;757647.5625;;;688997.0625;;;0.0128197484;0.0128197484;594184.0625
;MU;1988;p95p100;;557908.6875;;646933.3125;;;;;;0.1094642505;0.1094642505;
;MU;1988;p99.5p100;;1504290.75;;1744328.125;1.8519730568;1.851973176;941875.5;;;0.0295148417;0.0295148417;812263.8125
;MU;1988;p99.95p100;;4109353.0;;4765076.0;;;;;;0.0080631152;0.0080631152;
;MU;1987;p0p100;181793.46875;252439.078125;214464.1875;297805.75;;;;1.29454047232e+11;1.52718671872e+11;;;
;MU;1987;p99p100;;1241563.0;;1464688.375;1.8607465029;1.8607465029;787151.0;;;0.0491826311;0.0491826311;667239.1875
;MU;1987;p99.9p100;;3634029.75;;4287113.5;1.8482353687;1.8482352495;2319571.25;;;0.0143954847;0.0143954847;1966215.875
;MU;1987;p90p100;;415133.46875;;489738.5;;;;;;0.1644490063;0.1644490063;
;MU;1987;p90p95;;234465.328125;;276601.875;;;;;;0.0464399941;0.0464399941;
;MU;1987;p95p99;;434361.5;;512422.0625;;;;;;0.0688263848;0.0688263848;
;MU;1987;p99.5p99.9;;1267013.75;;1494713.0;;;1085752.75;;;0.0200763904;0.0200763904;920353.0
;MU;1987;p99.9p99.95;;2329784.0;;2748477.25;;;2319571.25;;;0.0046142126;0.0046142126;1966215.875
;MU;1987;p99p99.5;;742714.6875;;876190.4375;;;787151.0;;;0.014710757;0.014710757;667239.1875
;MU;1987;p95p100;;595801.625;;702875.125;;;;;;0.1180090159;0.1180090159;
;MU;1987;p99.5p100;;1740411.25;;2053186.375;1.8910257816;1.8910257816;1085752.75;;;0.0344718732;0.0344718732;920353.0
;MU;1987;p99.95p100;;4938120.0;;5825566.0;;;;;;0.0097812722;0.0097812722;
;MU;1986;p0p100;155671.40625;214984.65625;180768.640625;249644.328125;;;;1.09440729088e+11;1.27084691456e+11;;;
;MU;1986;p99p100;;1064248.625;;1235826.125;1.7428575754;1.7428575754;709080.375;;;0.049503427;0.049503427;610634.3125
;MU;1986;p99.9p100;;2677794.25;;3109506.5;1.637342453;1.637342453;1899118.0;;;0.0124555863;0.0124555863;1635451.625
;MU;1986;p95p99;;374884.8125;;435323.5;;;;;;0.0697510317;0.0697510317;
;MU;1986;p99.5p99.9;;1105140.375;;1283310.375;;;953159.125;;;0.0205622613;0.0205622613;820826.125
;MU;1986;p99.9p99.95;;1831903.375;;2127241.5;;;1899118.0;;;0.0042602359;0.0042602359;1635451.625
;MU;1986;p99p99.5;;708829.875;;823106.9375;;;709080.375;;;0.0164855774;0.0164855774;610634.3125
;MU;1986;p95p100;;512757.4375;;595423.8125;;;;;;0.119254455;0.119254455;
;MU;1986;p99.5p100;;1419667.5;;1648545.25;1.7295593023;1.7295593023;953159.125;;;0.0330178477;0.0330178477;820826.125
;MU;1986;p99.95p100;;3523584.5;;4091654.5;;;;;;0.0081953509;0.0081953509;
;MU;1985;p0p100;131021.476562;179964.671875;153825.25;211286.828125;;;;90881081344.0;1.06698571776e+11;;;
;MU;1985;p99p100;;895288.0;;1051109.375;1.7351938486;1.7351938486;605759.0625;;;0.0497479402;0.0497479402;515958.5
;MU;1985;p99.9p100;;1972951.875;;2316336.5;1.4896739721;1.4896739721;1554928.5;;;0.0109628541;0.0109628541;1324418.625
;MU;1985;p95p99;;341554.15625;;401000.3125;;;;;;0.0759158581;0.0759158581;
;MU;1985;p99.5p99.9;;938618.625;;1101981.5;;;853786.25;;;0.0208623298;0.0208623298;727217.0
;MU;1985;p99.9p99.95;;1494910.625;;1755094.0;;;1554928.5;;;0.0041530435;0.0041530435;1324418.625
;MU;1985;p99p99.5;;645093.1875;;757369.125;;;605759.0625;;;0.0179227553;0.0179227553;515958.5
;MU;1985;p95p100;;452300.78125;;531021.9375;;;;;;0.125663802;0.125663802;
;MU;1985;p99.5p100;;1145482.875;;1344849.625;1.5751595497;1.5751596689;853786.25;;;0.0318251848;0.0318251848;727217.0
;MU;1985;p99.95p100;;2450936.25;;2877512.0;;;;;;0.0068098106;0.0068098106;
;MU;1984;p0p100;118107.976562;161365.640625;141781.140625;193709.21875;;;;80768024576.0;96956891136.0;;;
;MU;1984;p99p100;;805603.5;;967075.875;1.6623543501;1.6623543501;581750.75;;;0.0499240533;0.0499240533;484615.96875
;MU;1984;p99.9p100;;1648516.5;;1978939.5;1.4380396605;1.4380395412;1376137.125;;;0.0102158999;0.0102158999;1146363.75
;MU;1984;p95p99;;320423.09375;;384647.625;;;;;;0.079427883;0.079427883;
;MU;1984;p99.5p99.9;;839230.625;;1007443.125;;;819821.875;;;0.0208032466;0.0208032466;682936.4375
;MU;1984;p99.9p99.95;;1362407.625;;1635484.0;;;1376137.125;;;0.004221186;0.004221186;1146363.75
;MU;1984;p99p99.5;;610121.0625;;732411.6875;;;581750.75;;;0.0189049076;0.0189049076;484615.96875
;MU;1984;p95p100;;417459.0625;;501133.125;;;;;;0.1293519288;0.1293519288;
;MU;1984;p99.5p100;;1001085.875;;1201740.125;1.4658551216;1.4658551216;819821.875;;;0.0310191456;0.0310191456;682936.4375
;MU;1984;p99.95p100;;1934591.25;;2322354.25;;;;;;0.0059947139;0.0059947139;
;MU;1983;p0p100;115631.960938;157150.84375;143418.953125;194915.046875;;;;77905649664.0;96626802688.0;;;
;MU;1983;p99p100;;847776.9375;;1051502.375;1.6418991089;1.6418991089;640418.375;;;0.0539466441;0.0539466441;516339.25
;MU;1983;p99.9p100;;1761004.875;;2184183.75;1.472170949;1.4721710682;1483648.125;;;0.0112056797;0.0112056797;1196195.875
;MU;1983;p90p100;;315901.84375;;391814.78125;;;;;;0.2010182589;0.2010182589;
;MU;1983;p90p95;;185272.796875;;229794.84375;;;;;;0.0589474477;0.0589474477;
;MU;1983;p95p99;;346219.53125;;429417.96875;;;;;;0.0881241709;0.0881241709;
;MU;1983;p99.5p99.9;;871200.5;;1080554.75;;;899578.9375;;;0.0221749283;0.0221749283;725288.25
;MU;1983;p99.9p99.95;;1417123.625;;1757666.25;;;1483648.125;;;0.0045084734;0.0045084734;1196195.875
;MU;1983;p99p99.5;;646394.625;;801726.75;;;640418.375;;;0.0205660351;0.0205660351;516339.25
;MU;1983;p95p100;;446530.90625;;553834.6875;;;;;;0.142070815;0.142070815;
;MU;1983;p99.5p100;;1049159.25;;1301277.875;1.4465410709;1.4465410709;899578.9375;;;0.033380609;0.033380609;725288.25
;MU;1983;p99.95p100;;2104845.0;;2610650.75;;;;;;0.0066972058;0.0066972058;
;MU;1982;p0p100;110870.96875;150330.5625;139721.5625;189449.25;;;;73188589568.0;92233555968.0;;;
;MU;1982;p99p100;;871206.875;;1097910.375;1.6640040874;1.6640042067;659800.25;;;0.0579526871;0.0579526871;523560.53125
;MU;1982;p99.9p100;;1851635.625;;2333464.0;1.5059263706;1.5059262514;1549520.75;;;0.0123169348;0.0123169348;1229565.875
;MU;1982;p90p100;;314901.65625;;396844.65625;;;;;;0.20947285;0.20947285;
;MU;1982;p90p95;;177968.140625;;224278.625;;;;;;0.0591922849;0.0591922849;
;MU;1982;p95p99;;346992.375;;437285.9375;;;;;;0.0923278779;0.0923278779;
;MU;1982;p99.5p99.9;;886750.0625;;1117498.125;;;941022.4375;;;0.0235947184;0.0235947184;746714.125
;MU;1982;p99.9p99.95;;1464280.375;;1845312.125;;;1549520.75;;;0.004869849;0.004869849;1229565.875
;MU;1982;p99p99.5;;662688.875;;835132.25;;;659800.25;;;0.022041034;0.022041034;523560.53125
;MU;1982;p95p100;;451835.15625;;569410.6875;;;;;;0.150280565;0.150280565;
;MU;1982;p99.5p100;;1079724.875;;1360688.5;1.4459681511;1.4459681511;941022.4375;;;0.0359116532;0.0359116532;746714.125
;MU;1982;p99.95p100;;2238944.75;;2821557.75;;;;;;0.0074470858;0.0074470858;
;MU;1981;p0p100;108278.5625;146507.34375;132335.546875;179057.875;;;;69940256768.0;85479366656.0;;;
;MU;1981;p99p100;;915261.8125;;1118611.75;1.7037035227;1.7037036419;656576.5;;;0.0624720156;0.0624720156;537218.9375
;MU;1981;p99.9p100;;1988580.0;;2430396.5;1.5210831165;1.5210832357;1597806.375;;;0.0135730701;0.0135730701;1307344.75
;MU;1981;p90p100;;318268.5;;388980.40625;;;;;;0.2172372788;0.2172372788;
;MU;1981;p90p95;;174618.359375;;213414.515625;;;;;;0.0595937334;0.0595937334;
;MU;1981;p95p99;;348583.03125;;426030.125;;;;;;0.0951715335;0.0951715335;
;MU;1981;p99.5p99.9;;936848.0625;;1144994.0;;;952435.0625;;;0.0255782381;0.0255782381;779294.0
;MU;1981;p99.9p99.95;;1564274.5;;1911820.0;;;1597806.375;;;0.0053381659;0.0053381659;1307344.75
;MU;1981;p99p99.5;;683331.6875;;835152.125;;;656576.5;;;0.0233207084;0.0233207084;537218.9375
;MU;1981;p95p100;;461918.65625;;564546.3125;;;;;;0.1576435417;0.1576435417;
;MU;1981;p99.5p100;;1147191.875;;1402071.375;1.4720913172;1.4720913172;952435.0625;;;0.0391513072;0.0391513072;779294.0
;MU;1981;p99.95p100;;2412835.0;;2948911.0;;;;;;0.0082349032;0.0082349032;
;MU;1980;p0p100;109569.390625;147982.8125;132812.390625;179374.46875;;;;69147926528.0;83816300544.0;;;
;MU;1980;p99p100;;994448.375;;1205401.125;1.7358586788;1.7358586788;694412.0;;;0.0672001988;0.0672001988;572885.5625
;MU;1980;p99.9p100;;2256557.25;;2735241.75;1.5678019524;1.5678019524;1744634.75;;;0.0152485836;0.0152485836;1439312.75
;MU;1980;p90p100;;318875.625;;386518.84375;;;;;;0.2154815793;0.2154815793;
;MU;1980;p90p95;;152036.5;;184288.0625;;;;;;0.0513696633;0.0513696633;
;MU;1980;p95p99;;358531.53125;;434586.96875;;;;;;0.0969117209;0.0969117209;
;MU;1980;p99.5p99.9;;1014039.0625;;1229147.625;;;1019971.3125;;;0.0274097025;0.0274097025;841469.9375
;MU;1980;p99.9p99.95;;1724339.5;;2090124.375;;;1744634.75;;;0.0058257258;0.0058257258;1439312.75
;MU;1980;p99p99.5;;726356.9375;;880439.3125;;;694412.0;;;0.0245419145;0.0245419145;572885.5625
;MU;1980;p95p100;;485714.71875;;588749.625;;;;;;0.1641119272;0.1641119272;
;MU;1980;p99.5p100;;1262539.75;;1530362.875;1.5003979206;1.5003979206;1019971.3125;;;0.0426582843;0.0426582843;841469.9375
;MU;1980;p99.95p100;;2788711.5;;3380282.25;;;;;;0.0094228582;0.0094228582;
;MU;1979;p0p100;121522.9375;163883.4375;150020.96875;202315.328125;;;;74795909120.0;92336103424.0;;;
;MU;1979;p99p100;;1120546.375;;1383322.75;1.7301533222;1.7301533222;799537.6875;;;0.0683745295;0.0683745295;647657.25
;MU;1979;p99.9p100;;2575794.25;;3179837.0;1.5687590837;1.5687590837;2026976.125;;;0.0157170314;0.0157170314;1641931.0
;MU;1979;p95p99;;389087.625;;480331.5625;;;;;;0.0949669704;0.0949669704;
;MU;1979;p99.5p99.9;;1157324.375;;1428725.5;;;1077501.375;;;0.0282475576;0.0282475576;872818.8125
;MU;1979;p99.9p99.95;;1884713.875;;2326693.25;;;2026976.125;;;0.005749749;0.005749749;1641931.0
;MU;1979;p99p99.5;;800077.6875;;987701.875;;;799537.6875;;;0.0244099386;0.0244099386;647657.25
;MU;1979;p95p100;;535379.1875;;660929.625;;;;;;0.1633414924;0.1633414924;
;MU;1979;p99.5p100;;1441015.0;;1778943.625;1.6509897709;1.6509896517;1077501.375;;;0.0439645872;0.0439645872;872818.8125
;MU;1979;p99.95p100;;3266792.25;;4032879.25;;;;;;0.0099672815;0.0099672815;
;MU;1978;p0p100;147995.28125;199348.03125;179230.90625;241422.078125;;;;88683364352.0;1.07400716288e+11;;;
;MU;1978;p99p100;;1348753.375;;1633418.875;1.6693720818;1.6693720818;978463.0625;;;0.0676581562;0.0676581562;807940.5625
;MU;1978;p99.9p100;;2818908.75;;3413862.5;1.4444181919;1.4444181919;2363486.25;;;0.0141404569;0.0141404569;1951587.75
;MU;1978;p95p99;;459326.59375;;556271.25;;;;;;0.0921658054;0.0921658054;
;MU;1978;p99.5p99.9;;1447839.625;;1753418.0;;;1295540.75;;;0.0290515535;0.0290515535;1069759.375
;MU;1978;p99.9p99.95;;1994549.75;;2415515.75;;;2363486.25;;;0.0050023193;0.0050023193;1951587.75
;MU;1978;p99p99.5;;975456.6875;;1181334.75;;;978463.0625;;;0.0244661476;0.0244661476;807940.5625
;MU;1978;p95p100;;637211.75;;771700.5;;;;;;0.159823969;0.159823969;
;MU;1978;p99.5p100;;1722050.125;;2085503.0;1.6097546816;1.6097548008;1295540.75;;;0.0431920104;0.0431920104;1069759.375
;MU;1978;p99.95p100;;3643169.5;;4412090.5;;;;;;0.009138138;0.009138138;
;MU;1977;p0p100;139259.921875;187376.0;174485.0625;234771.859375;;;;81149550592.0;1.01675941888e+11;;;
;MU;1977;p99p100;;1400901.75;;1755253.25;1.6808878183;1.6808878183;1044241.75;;;0.07476414;0.07476414;833429.6875
;MU;1977;p99.9p100;;2902978.75;;3637273.5;1.4250326157;1.4250324965;2552414.25;;;0.0154926004;0.0154926004;2037131.375
;MU;1977;p95p99;;457752.75;;573539.125;;;;;;0.0977186039;0.0977186039;
;MU;1977;p99.5p99.9;;1517664.625;;1901550.625;;;1384434.75;;;0.0323983356;0.0323983356;1104944.375
;MU;1977;p99.9p99.95;;2040491.5;;2556624.25;;;2552414.25;;;0.0054445169;0.0054445169;2037131.375
;MU;1977;p99p99.5;;1007079.5;;1261815.5;;;1044241.75;;;0.0268731993;0.0268731993;833429.6875
;MU;1977;p95p100;;646382.375;;809881.6875;;;;;;0.1724827439;0.1724827439;
;MU;1977;p99.5p100;;1794724.125;;2248691.0;1.6242665052;1.6242665052;1384434.75;;;0.0478909388;0.0478909388;1104944.375
;MU;1977;p99.95p100;;3765363.0;;4717794.0;;;;;;0.010048083;0.010048083;
;MU;1976;p0p100;137657.296875;184973.453125;174559.125;234559.328125;;;;77982031872.0;98886696960.0;;;
;MU;1976;p99p100;;1533584.0;;1944692.375;1.7582764626;1.7582763433;1106022.0;;;0.0829082578;0.0829082578;872208.6875
;MU;1976;p99.9p100;;3669465.75;;4653140.5;1.591186285;1.591186285;2924321.75;;;0.0198375415;0.0198375415;2306119.5
;MU;1976;p95p99;;455368.625;;577439.4375;;;;;;0.0984722674;0.0984722674;
;MU;1976;p99.5p99.9;;1616285.75;;2049563.875;;;1491535.875;;;0.0349518061;0.0349518061;1176224.875
;MU;1976;p99.9p99.95;;2359950.25;;2992582.75;;;2924321.75;;;0.0063786972;0.0063786972;2306119.5
;MU;1976;p99p99.5;;1040251.25;;1319111.75;;;1106022.0;;;0.0281189065;0.0281189065;872208.6875
;MU;1976;p95p100;;671011.4375;;850889.6875;;;;;;0.1813805252;0.1813805252;
;MU;1976;p99.5p100;;2026916.875;;2570273.0;1.7232391834;1.7232391834;1491535.875;;;0.0547893457;0.0547893457;1176224.875
;MU;1976;p99.95p100;;4978825.0;;6313500.5;;;;;;0.0134588452;0.0134588452;
;MU;1975;p0p100;123575.898438;165751.28125;140530.8125;188492.765625;;;;68080189440.0;77420953600.0;;;
;MU;1975;p99p100;;1677141.625;;1907249.5;2.1586341858;2.1586341858;883544.625;;;0.1011841297;0.1011841297;776945.75
;MU;1975;p99.9p100;;5516361.0;;6273219.0;2.1436197758;2.1436200142;2926460.5;;;0.0332805254;0.0332805254;2573385.75
;MU;1975;p99.5p99.9;;1604969.5;;1825175.25;;;1324841.375;;;0.0387320705;0.0387320705;1165000.5
;MU;1975;p99.9p99.95;;2889932.0;;3286437.75;;;2926460.5;;;0.0087170443;0.0087170443;2573385.75
;MU;1975;p99p99.5;;967044.8125;;1099725.75;;;883544.625;;;0.0291715339;0.0291715339;776945.75
;MU;1975;p99.5p100;;2387238.5;;2714773.5;2.0491309166;2.0491309166;1324841.375;;;0.0720125958;0.0720125958;1165000.5
;MU;1975;p99.95p100;;8142476.5;;9259644.0;;;;;;0.0245634802;0.0245634802;
;MU;1974;p0p100;119618.046875;160060.796875;161315.171875;215855.6875;;;;64126279680.0;86479773696.0;;;
;MU;1973;p0p100;111261.359375;148446.328125;110490.875;147418.34375;;;;58064633856.0;57662533632.0;;;
;MU;1972;p0p100;95287.84375;126710.054688;115995.398438;154246.140625;;;;48415277056.0;58936684544.0;;;
;MU;1972;p99p100;;1229081.125;;1496179.875;2.1947617531;2.1947617531;681704.9375;;;0.0969993994;0.0969993994;560006.625
;MU;1972;p99.9p100;;3499812.0;;4260376.5;1.7512515783;1.7512515783;2432761.0;;;0.0276202783;0.0276202783;1998463.375
;MU;1972;p99.5p99.9;;1285506.125;;1564866.875;;;1097037.75;;;0.0405811109;0.0405811109;901194.0
;MU;1972;p99.9p99.95;;2237410.0;;2723634.75;;;2432761.0;;;0.0088282181;0.0088282181;1998463.375
;MU;1972;p99p99.5;;729800.25;;888397.375;;;681704.9375;;;0.0287980139;0.0287980139;560006.625
;MU;1972;p99.5p100;;1728362.0;;2103962.25;1.9178578854;1.9178577662;1097037.75;;;0.0682013929;0.0682013929;901194.0
;MU;1972;p99.95p100;;4762063.5;;5796935.0;;;;;;0.0187920611;0.0187920611;
;MU;1971;p0p100;82222.1953125;109720.585938;103476.828125;138083.625;;;;40812216320.0;51362275328.0;;;
;MU;1971;p99p100;;1145604.625;;1441746.25;2.0619885921;2.0619885921;699201.8125;;;0.1044109911;0.1044109911;555582.4375
;MU;1971;p99.9p100;;3120004.25;;3926533.0;1.6999691725;1.6999692917;2309767.0;;;0.0284355395;0.0284355395;1835329.875
;MU;1971;p99.5p99.9;;1204576.375;;1515962.375;;;1109900.25;;;0.0439144112;0.0439144112;881921.375
;MU;1971;p99.9p99.95;;2064125.75;;2597707.25;;;2309767.0;;;0.0094056008;0.0094056008;1835329.875
;MU;1971;p99p99.5;;703551.8125;;885421.6875;;;699201.8125;;;0.0320610367;0.0320610367;555582.4375
;MU;1971;p99.5p100;;1587657.375;;1998070.75;1.8002256155;1.8002254963;1109900.25;;;0.0723499507;0.0723499507;881921.375
;MU;1971;p99.95p100;;4175757.0;;5255200.5;;;;;;0.0190299377;0.0190299377;
;MU;1970;p0p100;74839.8671875;100245.359375;100014.703125;133966.171875;;;;36263358464.0;48461721600.0;;;
;MU;1970;p99p100;;1153205.375;;1541123.625;2.042535305;2.042535305;754515.0625;;;0.115038164;0.115038164;564595.0625
;MU;1970;p99.9p100;;3084500.75;;4122073.5;1.6981494427;1.6981495619;2427391.25;;;0.0307691135;0.0307691135;1816389.375
;MU;1970;p99.5p99.9;;1215980.375;;1625015.25;;;1199950.875;;;0.0485202633;0.0485202633;897909.625
;MU;1970;p99.9p99.95;;2088336.625;;2790817.0;;;2427391.25;;;0.0104153706;0.0104153706;1816389.375
;MU;1970;p99p99.5;;716730.625;;957826.375;;;754515.0625;;;0.0357487798;0.0357487798;564595.0625
;MU;1970;p99.5p100;;1589680.0;;2124421.0;1.7704231739;1.7704231739;1199950.875;;;0.0792893767;0.0792893767;897909.625
;MU;1970;p99.95p100;;4080546.0;;5453171.0;;;;;;0.0203537438;0.0203537438;
;MU;1969;p0p100;70994.2421875;95453.71875;103713.976562;139446.3125;;;;33579284480.0;49055260672.0;;;
;MU;1969;p99p100;;1037441.5;;1515576.125;1.977214694;1.9772148132;766520.75;;;0.1086851805;0.1086851805;524698.4375
;MU;1969;p99.9p100;;2798955.0;;4088933.75;1.7136957645;1.7136957645;2386032.5;;;0.029322261;0.029322261;1633285.875
;MU;1969;p99.5p99.9;;1118323.125;;1633734.5;;;1217592.75;;;0.0468635634;0.0468635634;833466.0
;MU;1969;p99.9p99.95;;1765181.5;;2578716.0;;;2386032.5;;;0.0092455987;0.0092455987;1633285.875
;MU;1969;p99p99.5;;620437.4375;;906383.8125;;;766520.75;;;0.0324993543;0.0324993543;524698.4375
;MU;1969;p99.5p100;;1454445.5;;2124768.5;1.7450567484;1.7450567484;1217592.75;;;0.0761858225;0.0761858225;833466.0
;MU;1969;p99.95p100;;3832605.25;;5598971.5;;;;;;0.0200766623;0.0200766623;
;MU;1968;p0p100;72060.3828125;97206.625;101432.8125;136828.875;;;;33315819520.0;46895636480.0;;;
;MU;1968;p99p100;;949965.4375;;1337179.5;1.1923587322;1.1923587322;1121457.375;;;0.0977263153;0.0977263153;796711.125
;MU;1968;p99.9p100;;2383682.75;;3355292.5;;;;;;0.024521498;0.024521498;
;MU;1968;p99.5p99.9;;1056904.875;;1487708.5;;;;;;0.0434911549;0.0434911549;
;MU;1968;p99.9p99.95;;1661730.25;;2339065.75;;;;;;0.0085467929;0.0085467929;
;MU;1968;p99p99.5;;577673.5625;;813138.25;;;1121457.375;;;0.0297136642;0.0297136642;796711.125
;MU;1968;p99.5p100;;1322257.375;;1861220.875;;;;;;0.0680126548;0.0680126548;
;MU;1968;p99.95p100;;3105549.25;;4371398.0;;;;;;0.015974706;0.015974706;
;MU;1967;p0p100;74411.109375;100835.117188;112840.773438;152911.46875;;;;33506801664.0;50811408384.0;;;
;MU;1967;p99p100;;1100214.625;;1668421.0;1.2247444391;1.2247444391;1362260.625;;;0.1091101617;0.1091101617;898321.75
;MU;1967;p99.9p100;;2840436.5;;4307381.5;;;;;;0.0281687584;0.0281687584;
;MU;1967;p99.5p99.9;;1178877.0;;1787708.625;;;;;;0.0467646345;0.0467646345;
;MU;1967;p99.9p99.95;;1891942.375;;2869037.25;;;;;;0.009380687;0.009380687;
;MU;1967;p99p99.5;;689244.3125;;1045204.875;;;1362260.625;;;0.0341767669;0.0341767669;898321.75
;MU;1967;p99.5p100;;1511184.875;;2291637.25;;;;;;0.0749333948;0.0749333948;
;MU;1967;p99.95p100;;3788817.5;;5745554.5;;;;;;0.0187880713;0.0187880713;
;MU;1966;p0p100;77952.4765625;106166.53125;110643.023438;150689.0625;;;;34143260672.0;48461754368.0;;;
;MU;1966;p99p100;;1098358.875;;1558972.25;1.2359951735;1.2359951735;1261309.375;;;0.1034561321;0.1034561321;888643.375
;MU;1966;p99.9p100;;2977470.75;;4226118.0;;;;;;0.028044926;0.028044926;
;MU;1966;p99.5p99.9;;1188722.625;;1687231.375;;;;;;0.0447871871;0.0447871871;
;MU;1966;p99.9p99.95;;1844004.75;;2617316.0;;;;;;0.0086838622;0.0086838622;
;MU;1966;p99p99.5;;650249.8125;;922941.9375;;;1261309.375;;;0.0306240227;0.0306240227;888643.375
;MU;1966;p99.5p100;;1546468.0;;2195002.75;;;;;;0.072832115;0.072832115;
;MU;1966;p99.95p100;;4110801.5;;5834728.0;;;;;;0.019361062;0.019361062;
;MU;1965;p0p100;81572.53125;111876.195312;117882.632812;161675.25;;;;34572316672.0;49961369600.0;;;
;MU;1965;p99p100;;1168010.75;;1687923.25;1.2502287626;1.2502287626;1350091.5;;;0.1044019833;0.1044019833;934237.625
;MU;1965;p99.9p100;;3207554.25;;4635322.0;;;;;;0.0286702029;0.0286702029;
;MU;1965;p99.5p99.9;;1258111.875;;1818130.875;;;;;;0.0449823849;0.0449823849;
;MU;1965;p99.9p99.95;;2056538.25;;2971957.75;;;;;;0.0091904681;0.0091904681;
;MU;1965;p99p99.5;;688025.6875;;994284.125;;;1350091.5;;;0.0307493936;0.0307493936;934237.625
;MU;1965;p99.5p100;;1647995.75;;2381562.25;;;;;;0.0736525878;0.0736525878;
;MU;1965;p99.95p100;;4358433.5;;6298487.5;;;;;;0.0194797348;0.0194797348;
;MU;1964;p0p100;84448.40625;116732.976562;117000.023438;161729.0625;;;;34564984832.0;47888461824.0;;;
;MU;1964;p99p100;;1289799.875;;1786968.25;1.3633477688;1.3633477688;1310720.75;;;0.1104913652;0.1104913652;946053.4375
;MU;1964;p99.9p100;;4062393.75;;5628291.0;;;;;;0.0348002911;0.0348002911;
;MU;1964;p99.5p99.9;;1355672.0;;1878231.5;;;;;;0.0464538746;0.0464538746;
;MU;1964;p99.9p99.95;;2723258.0;;3772969.5;;;;;;0.0116636306;0.0116636306;
;MU;1964;p99p99.5;;682589.75;;945701.9375;;;1310720.75;;;0.0292372014;0.0292372014;946053.4375
;MU;1964;p99.5p100;;1897009.875;;2628234.5;;;;;;0.0812541619;0.0812541619;
;MU;1964;p99.95p100;;5401370.0;;7483391.0;;;;;;0.0231366586;0.0231366586;
;MU;1963;p0p100;94846.234375;132327.421875;130077.664062;181481.5625;;;;37369794560.0;51251122176.0;;;
;MU;1963;p99p100;;1668935.5;;2288875.75;1.5500680208;1.5500680208;1476629.25;;;0.1261215508;0.1261215508;1076685.375
;MU;1963;p99.9p100;;6046778.0;;8292904.5;;;;;;0.0456949882;0.0456949882;
;MU;1963;p99.5p99.9;;1582896.25;;2170876.5;;;;;;0.0478479639;0.0478479639;
;MU;1963;p99.9p99.95;;3969476.25;;5443972.0;;;;;;0.0149976043;0.0149976043;
;MU;1963;p99p99.5;;862209.125;;1182484.0;;;1476629.25;;;0.032578595;0.032578595;1076685.375
;MU;1963;p99.5p100;;2475662.0;;3395267.5;;;;;;0.0935429558;0.0935429558;
;MU;1963;p99.95p100;;8123832.0;;11141498.0;;;;;;0.0306973848;0.0306973848;
;MU;1962;p0p100;95301.3046875;133752.09375;116317.210938;163247.1875;;;;36465901568.0;44507385856.0;;;
;MU;1962;p99p100;;1269945.0;;1549994.125;1.3725595474;1.3725595474;1129272.75;;;0.094947584;0.094947584;925238.5625
;MU;1962;p99.9p100;;3932439.0;;4799623.0;;;;;;0.0294005759;0.0294005759;
;MU;1962;p99.5p99.9;;1331625.375;;1625276.25;;;;;;0.0398237705;0.0398237705;
;MU;1962;p99.9p99.95;;2869833.75;;3502691.25;;;;;;0.0107274055;0.0107274055;
;MU;1962;p99p99.5;;688108.125;;839850.125;;;1129272.75;;;0.0257232413;0.0257232413;925238.5625
;MU;1962;p99.5p100;;1851781.875;;2260138.0;;;;;;0.0692243427;0.0692243427;
;MU;1962;p99.95p100;;4994917.5;;6096400.0;;;;;;0.0186731704;0.0186731704;
;MU;1961;p0p100;83864.3515625;118052.203125;119294.84375;167926.171875;;;;31462801408.0;44755013632.0;;;
;MU;1961;p99p100;;1318524.75;;1875567.0;1.4212259054;1.4212259054;1319682.5;;;0.1116898656;0.1116898656;927737.6875
;MU;1961;p99.9p100;;4291746.0;;6104896.5;;;;;;0.0363541767;0.0363541767;
;MU;1961;p99.5p99.9;;1355821.875;;1928621.125;;;;;;0.0459398292;0.0459398292;
;MU;1961;p99.9p99.95;;2853484.0;;4059006.25;;;;;;0.0120848101;0.0120848101;
;MU;1961;p99p99.5;;694049.8125;;987267.6875;;;1319682.5;;;0.029395856;0.029395856;927737.6875
;MU;1961;p99.5p100;;1942999.75;;2763866.25;;;;;;0.0822940096;0.0822940096;
;MU;1961;p99.95p100;;5729837.0;;8150543.0;;;;;;0.0242693666;0.0242693666;
;MU;1960;p0p100;77766.7421875;109720.351562;98851.1171875;139468.09375;;;;28651055104.0;36419026944.0;;;
;MU;1960;p99p100;;1232534.75;;1566703.75;1.4055134058;1.4055134058;1114684.25;;;0.1123340949;0.1123340949;876928.5
;MU;1960;p99.9p100;;3871494.0;;4921146.5;;;;;;0.0352846496;0.0352846496;
;MU;1960;p99.5p99.9;;1286675.125;;1635522.75;;;;;;0.046907533;0.046907533;
;MU;1960;p99.9p99.95;;2981961.25;;3790440.5;;;;;;0.0135879312;0.0135879312;
;MU;1960;p99p99.5;;661436.8125;;840767.75;;;1114684.25;;;0.0301419105;0.0301419105;876928.5
;MU;1960;p99.5p100;;1803632.75;;2292639.75;;;;;;0.0821921825;0.0821921825;
;MU;1960;p99.95p100;;4760921.0;;6051717.5;;;;;;0.0216967203;0.0216967203;
;MU;1959;p0p100;81597.6875;115413.429688;95774.0;135464.6875;;;;29504174080.0;34630057984.0;;;
;MU;1959;p99p100;;1247732.375;;1464506.125;1.4402885437;1.4402886629;1016814.375;;;0.1081096977;0.1081096977;866307.1875
;MU;1959;p99.9p100;;3959629.25;;4647552.5;;;;;;0.0343077742;0.0343077742;
;MU;1959;p99.5p99.9;;1312711.5;;1540774.375;;;;;;0.0454960614;0.0454960614;
;MU;1959;p99.9p99.95;;3081440.5;;3616792.25;;;;;;0.0133486073;0.0133486073;
;MU;1959;p99p99.5;;653375.9375;;766889.75;;;1016814.375;;;0.0283058621;0.0283058621;866307.1875
;MU;1959;p99.5p100;;1842088.75;;2162122.5;;;;;;0.0798038393;0.0798038393;
;MU;1959;p99.95p100;;4837713.0;;5678189.5;;;;;;0.0209591687;0.0209591687;
;MU;1958;p0p100;86753.890625;123071.726562;93205.7578125;132224.546875;;;;30747748352.0;33034450944.0;;;
;MU;1958;p99p100;;1209402.5;;1299345.375;1.498862505;1.498862505;866887.6875;;;0.0982680023;0.0982680023;806880.1875
;MU;1958;p99.9p100;;4011165.25;;4309474.5;;;;;;0.0325916745;0.0325916745;
;MU;1958;p99.5p99.9;;1249438.625;;1342359.0;;;;;;0.0406085514;0.0406085514;
;MU;1958;p99.9p99.95;;2981664.5;;3203410.0;;;;;;0.0121126454;0.0121126454;
;MU;1958;p99p99.5;;617027.5625;;662915.75;;;866887.6875;;;0.0250677783;0.0250677783;806880.1875
;MU;1958;p99.5p100;;1801777.375;;1935775.125;;;;;;0.0732002258;0.0732002258;
;MU;1958;p99.95p100;;5040543.5;;5415407.5;;;;;;0.020479029;0.020479029;
;MU;1957;p0p100;86578.7578125;123119.039062;93462.2578125;132907.703125;;;;30115903488.0;32510285824.0;;;
;MU;1957;p99p100;;1238354.5;;1336810.625;1.5472925901;1.5472925901;863967.625;;;0.1005817875;0.1005817875;800336.375
;MU;1957;p99.9p100;;4303936.5;;4646123.5;;;;;;0.0349570699;0.0349570699;
;MU;1957;p99.5p99.9;;1249227.125;;1348547.75;;;;;;0.040586073;0.040586073;
;MU;1957;p99.9p99.95;;3081711.0;;3326724.5;;;;;;0.0125142615;0.0125142615;
;MU;1957;p99p99.5;;616547.375;;665566.3125;;;863967.625;;;0.0250386428;0.0250386428;800336.375
;MU;1957;p99.5p100;;1860161.75;;2008055.0;;;;;;0.0755431429;0.0755431429;
;MU;1957;p99.95p100;;5526016.0;;5965365.5;;;;;;0.0224428084;0.0224428084;
;MU;1956;p0p100;87250.0859375;124566.429688;92541.9375;132121.578125;;;;29673840640.0;31473604608.0;;;
;MU;1956;p99p100;;1239484.375;;1314661.125;1.5671809912;1.5671809912;838869.9375;;;0.0995038003;0.0995038003;790900.625
;MU;1956;p99.9p100;;4285776.5;;4545715.5;;;;;;0.0344051085;0.0344051085;
;MU;1956;p99.5p99.9;;1269504.375;;1346501.75;;;;;;0.0407656208;0.0407656208;
;MU;1956;p99.9p99.95;;3197317.5;;3391239.75;;;;;;0.0128328549;0.0128328549;
;MU;1956;p99p99.5;;606217.1875;;642985.1875;;;838869.9375;;;0.0243330672;0.0243330672;790900.625
;MU;1956;p99.5p100;;1872751.625;;1986336.875;;;;;;0.075170733;0.075170733;
;MU;1956;p99.95p100;;5374106.0;;5700053.5;;;;;;0.0215722527;0.0215722527;
;MU;1955;p0p100;88059.8046875;126367.976562;91504.1796875;131310.75;;;;29203007488.0;30345254912.0;;;
;MU;1955;p99p100;;1192361.0;;1238999.125;1.522765398;1.5227652788;813650.75;;;0.0943561792;0.0943561792;783023.5
;MU;1955;p99.9p100;;3888726.0;;4040830.0;;;;;;0.0307726376;0.0307726376;
;MU;1955;p99.5p99.9;;1259252.0;;1308506.5;;;;;;0.0398599245;0.0398599245;
;MU;1955;p99.9p99.95;;2838011.25;;2949017.25;;;;;;0.0112283407;0.0112283407;
;MU;1955;p99p99.5;;599581.5625;;623033.625;;;813650.75;;;0.0237236135;0.0237236135;783023.5
;MU;1955;p99.5p100;;1785140.5;;1854964.625;;;;;;0.070632562;0.070632562;
;MU;1955;p99.95p100;;4939315.5;;5132512.5;;;;;;0.019544296;0.019544296;
;MU;1954;p0p100;86431.5703125;124924.914062;91137.3828125;131726.515625;;;;27819902976.0;29334573056.0;;;
;MU;1954;p99p100;;1210714.875;;1276632.875;1.5073927641;1.5073927641;846914.5625;;;0.0969153196;0.0969153196;803184.75
;MU;1954;p99.9p100;;3905046.75;;4117659.0;;;;;;0.0312587507;0.0312587507;
;MU;1954;p99.5p99.9;;1288742.625;;1358908.875;;;;;;0.0412646383;0.0412646383;
;MU;1954;p99.9p99.95;;3019853.25;;3184270.5;;;;;;0.0120857973;0.0120857973;
;MU;1954;p99p99.5;;609432.625;;642613.5;;;846914.5625;;;0.0243919343;0.0243919343;803184.75
;MU;1954;p99.5p100;;1811997.25;;1910652.375;;;;;;0.0725233853;0.0725233853;
;MU;1954;p99.95p100;;4790134.5;;5050936.0;;;;;;0.0191729516;0.0191729516;
;MU;1953;p0p100;87844.5859375;127214.171875;88434.703125;128068.765625;;;;27767672832.0;27954208768.0;;;
;MU;1953;p99p100;;1275497.125;;1284065.625;1.5449860096;1.5449858904;831118.0;;;0.1002636701;0.1002636701;825572.0
;MU;1953;p99.9p100;;4278790.0;;4307534.0;;;;;;0.0336341076;0.0336341076;
;MU;1953;p99.5p99.9;;1339558.0;;1348556.875;;;;;;0.0421198606;0.0421198606;
;MU;1953;p99.9p99.95;;3251194.0;;3273034.75;;;;;;0.0127775008;0.0127775008;
;MU;1953;p99p99.5;;623596.875;;627786.0;;;831118.0;;;0.0245097019;0.0245097019;825572.0
;MU;1953;p99.5p100;;1927397.5;;1940345.25;;;;;;0.0757539645;0.0757539645;
;MU;1953;p99.95p100;;5306263.5;;5341909.5;;;;;;0.0208566058;0.0208566058;
;MU;1952;p0p100;84458.9453125;122694.015625;87423.5078125;127000.648438;;;;26146461696.0;27064219648.0;;;
;MU;1952;p99p100;;1226919.25;;1269984.875;1.5612373352;1.5612373352;813447.625;;;0.0999981984;0.0999981984;785863.375
;MU;1952;p99.9p100;;4188402.0;;4335417.5;;;;;;0.03413653;0.03413653;
;MU;1952;p99.5p99.9;;1261468.375;;1305746.625;;;;;;0.041125752;0.041125752;
;MU;1952;p99.9p99.95;;3041705.75;;3148471.5;;;;;;0.012394595;0.012394595;
;MU;1952;p99p99.5;;606990.375;;628296.0625;;;813447.625;;;0.0247359164;0.0247359164;785863.375
;MU;1952;p99.5p100;;1846848.125;;1911673.625;;;;;;0.0752622858;0.0752622858;
;MU;1952;p99.95p100;;5334961.5;;5522222.0;;;;;;0.021741936;0.021741936;
;MU;1951;p0p100;78450.1328125;113755.78125;87108.0859375;126310.15625;;;;23801692160.0;26428506112.0;;;
;MU;1951;p99.9p100;;3827866.5;;4250319.5;;;;;;0.0336494297;0.0336494297;
;MU;1951;p99.5p99.9;;1185303.375;;1316116.5;;;;;;0.0416789651;0.0416789651;
;MU;1951;p99.9p99.95;;2950125.5;;3275708.75;;;;;;0.0129659856;0.0129659856;
;MU;1951;p99.5p100;;1713809.75;;1902950.125;;;;;;0.0753283948;0.0753283948;
;MU;1951;p99.95p100;;4705503.0;;5224814.0;;;;;;0.020683445;0.020683445;
;MU;1950;p0p100;79997.828125;116232.992188;84391.1328125;122616.25;;;;23571122176.0;24865595392.0;;;
;MU;1950;p99.9p100;;4261019.5;;4495025.0;;;;;;0.0366588198;0.0366588198;
;MU;1950;p99.5p99.9;;1182568.0;;1247512.0;;;;;;0.0406965502;0.0406965502;
;MU;1950;p99.9p99.95;;3162841.0;;3336537.25;;;;;;0.0136046214;0.0136046214;
;MU;1950;p99.5p100;;1798251.0;;1897006.875;;;;;;0.0773553699;0.0773553699;
;MU;1950;p99.95p100;;5359066.5;;5653374.5;;;;;;0.0230541974;0.0230541974;
;MU;1949;p0p100;75035.484375;109246.726562;;;;;;21455947776.0;;;;
;MU;1949;p99p100;;1041643.75;;;1.5629256964;;;;;0.0953477323;0.0953477323;666470.4375
;MU;1949;p99.9p100;;3656363.25;;;;;;;;0.033468429;0.033468429;
;MU;1949;p99.5p99.9;;1078119.125;;;;;;;;0.0394747332;0.0394747332;
;MU;1949;p99.9p99.95;;2705926.5;;;;;;;;0.0123835765;0.0123835765;
;MU;1949;p99p99.5;;489525.65625;;;;;;;;0.0224045701;0.0224045701;666470.4375
;MU;1949;p99.5p100;;1593761.875;;;;;;;;0.0729431584;0.0729431584;
;MU;1949;p99.95p100;;4606686.5;;;;;;;;0.0210848507;0.0210848507;
;MU;1948;p0p100;66975.8828125;97410.3359375;;;;;;18700738560.0;;;;
;MU;1948;p99p100;;1053578.75;;;1.6958092451;;;;;0.1081587151;0.1081587151;621283.75
;MU;1948;p99.9p100;;4289904.0;;;;;;;;0.0440389514;0.0440389514;
;MU;1948;p99.5p99.9;;995762.75;;;;;;;;0.0408894941;0.0408894941;
;MU;1948;p99.9p99.95;;2290746.75;;;;;;;;0.0117573813;0.0117573813;
;MU;1948;p99p99.5;;452574.21875;;;;;;;;0.0232302751;0.0232302751;621283.75
;MU;1948;p99.5p100;;1654583.25;;;;;;;;0.0849284455;0.0849284455;
;MU;1948;p99.95p100;;6288823.0;;;;;;;;0.0322815701;0.0322815701;
;MU;1947;p0p100;73834.890625;106231.640625;;;;;;20561983488.0;;;;
;MU;1947;p99p100;;1191520.25;;;1.6557533741;;;;;0.1121623591;0.1121623591;719624.25
;MU;1947;p99.9p100;;4616133.0;;;;;;;;0.0434529074;0.0434529074;
;MU;1947;p99.5p99.9;;1175539.75;;;;;;;;0.0442633554;0.0442633554;
;MU;1947;p99.9p99.95;;2649005.25;;;;;;;;0.012467158;0.012467158;
;MU;1947;p99p99.5;;519390.28125;;;;;;;;0.0244460963;0.0244460963;719624.25
;MU;1947;p99.5p100;;1863650.25;;;;;;;;0.0877162591;0.0877162591;
;MU;1947;p99.95p100;;6583026.0;;;;;;;;0.0309857484;0.0309857484;
;MU;1946;p0p100;52814.3671875;75208.5546875;;;;;;14654086144.0;;;;
;MU;1946;p99.9p100;;2721251.25;;;;;;;;0.0361822695;0.0361822695;
;MU;1946;p99.5p99.9;;867086.375;;;;;;;;0.0461164638;0.0461164638;
;MU;1946;p99.9p99.95;;1914343.75;;;;;;;;0.0127259791;0.0127259791;
;MU;1946;p99.5p100;;1237914.875;;;;;;;;0.0822987333;0.0822987333;
;MU;1946;p99.95p100;;3528062.25;;;;;;;;0.0234562885;0.0234562885;
;MU;1945;p0p100;;;;;;;;10302038016.0;;;;
;MU;1945;p99.9p100;;;;;;;;;;0.0443705469;0.0443705469;
;MU;1945;p99.5p99.9;;;;;;;;;;0.0583094917;0.0583094917;
;MU;1945;p99.9p99.95;;;;;;;;;;0.0156583805;0.0156583805;
;MU;1945;p99.5p100;;;;;;;;;;0.1026800424;0.1026800424;
;MU;1945;p99.95p100;;;;;;;;;;0.0287121665;0.0287121665;
;MU;1944;p0p100;;;;;;;;8514763264.0;;;;
;MU;1944;p99.9p100;;;;;;;;;;0.0635569319;0.0635569319;
;MU;1944;p99.5p99.9;;;;;;;;;;0.0817220733;0.0817220733;
;MU;1944;p99.9p99.95;;;;;;;;;;0.0219118036;0.0219118036;
;MU;1944;p99.5p100;;;;;;;;;;0.1452790052;0.1452790052;
;MU;1944;p99.95p100;;;;;;;;;;0.0416451283;0.0416451283;
;MU;1943;p0p100;;;;;;;;11501613056.0;;;;
;MU;1943;p99.9p100;;;;;;;;;;0.0651266128;0.0651266128;
;MU;1943;p99.5p99.9;;;;;;;;;;0.0725544021;0.0725544021;
;MU;1943;p99.9p99.95;;;;;;;;;;0.0207658652;0.0207658652;
;MU;1943;p99.5p100;;;;;;;;;;0.1376810223;0.1376810223;
;MU;1943;p99.95p100;;;;;;;;;;0.0443607494;0.0443607494;
;MU;1942;p0p100;;;;;;;;7532612096.0;;;;
;MU;1942;p99.9p100;;;;;;;;;;0.0635022745;0.0635022745;
;MU;1942;p99.5p99.9;;;;;;;;;;0.0603611059;0.0603611059;
;MU;1942;p99.9p99.95;;;;;;;;;;0.0180510394;0.0180510394;
;MU;1942;p99.5p100;;;;;;;;;;0.1238633841;0.1238633841;
;MU;1942;p99.95p100;;;;;;;;;;0.0454512388;0.0454512388;
;MU;1941;p0p100;;;;;;;;9820529664.0;;;;
;MU;1941;p99.9p100;;;;;;;;;;0.0605278388;0.0605278388;
;MU;1941;p99.5p99.9;;;;;;;;;;0.0590326414;0.0590326414;
;MU;1941;p99.9p99.95;;;;;;;;;;0.017749276;0.017749276;
;MU;1941;p99.5p100;;;;;;;;;;0.1195604801;0.1195604801;
;MU;1941;p99.95p100;;;;;;;;;;0.0427785665;0.0427785665;
;MU;1940;p0p100;;;;;;;;12058904576.0;;;;
;MU;1940;p99.9p100;;;;;;;;;;0.0973511115;0.0973511115;
;MU;1940;p99.5p99.9;;;;;;;;;;0.0657114834;0.0657114834;
;MU;1940;p99.9p99.95;;;;;;;;;;0.0242469832;0.0242469832;
;MU;1940;p99.5p100;;;;;;;;;;0.1630625874;0.1630625874;
;MU;1940;p99.95p100;;;;;;;;;;0.0731041282;0.0731041282;
;MU;1939;p0p100;;;;;;;;13060161536.0;;;;
;MU;1939;p99.9p100;;;;;;;;;;0.0732769668;0.0732769668;
;MU;1939;p99.5p99.9;;;;;;;;;;0.0671332479;0.0671332479;
;MU;1939;p99.9p99.95;;;;;;;;;;0.0200348571;0.0200348571;
;MU;1939;p99.5p100;;;;;;;;;;0.1404102147;0.1404102147;
;MU;1939;p99.95p100;;;;;;;;;;0.0532421097;0.0532421097;
;MU;1938;p0p100;;;;;;;;11832382464.0;;;;
;MU;1938;p99.9p100;;;;;;;;;;0.0990250111;0.0990250111;
;MU;1938;p99.5p99.9;;;;;;;;;;0.0743279606;0.0743279606;
;MU;1938;p99.9p99.95;;;;;;;;;;0.0232098829;0.0232098829;
;MU;1938;p99.5p100;;;;;;;;;;0.1733529717;0.1733529717;
;MU;1938;p99.95p100;;;;;;;;;;0.0758151338;0.0758151338;
;MU;1937;p0p100;;;;;;;;12770197504.0;;;;
;MU;1937;p99.9p100;;;;;;;;;;0.070709981;0.070709981;
;MU;1937;p99.5p99.9;;;;;;;;;;0.0681473836;0.0681473836;
;MU;1937;p99.9p99.95;;;;;;;;;;0.0211416818;0.0211416818;
;MU;1937;p99.5p100;;;;;;;;;;0.1388573647;0.1388573647;
;MU;1937;p99.95p100;;;;;;;;;;0.0495683029;0.0495683029;
;MU;1936;p0p100;;;;;;;;11618064384.0;;;;
;MU;1936;p99.9p100;;;;;;;;;;0.0692785606;0.0692785606;
;MU;1936;p99.5p99.9;;;;;;;;;;0.0698673427;0.0698673427;
;MU;1936;p99.9p99.95;;;;;;;;;;0.0203745663;0.0203745663;
;MU;1936;p99.5p100;;;;;;;;;;0.1391459107;0.1391459107;
;MU;1936;p99.95p100;;;;;;;;;;0.048903998;0.048903998;
;MU;1935;p0p100;;;;;;;;10375840768.0;;;;
;MU;1935;p99.9p100;;;;;;;;;;0.072240591;0.072240591;
;MU;1935;p99.5p99.9;;;;;;;;;;0.0735756829;0.0735756829;
;MU;1935;p99.9p99.95;;;;;;;;;;0.0213956125;0.0213956125;
;MU;1935;p99.5p100;;;;;;;;;;0.1458162665;0.1458162665;
;MU;1935;p99.95p100;;;;;;;;;;0.0508449785;0.0508449785;
;MU;1934;p0p100;;;;;;;;8456007680.0;;;;
;MU;1934;p99.9p100;;;;;;;;;;0.0744255185;0.0744255185;
;MU;1934;p99.5p99.9;;;;;;;;;;0.0791976601;0.0791976601;
;MU;1934;p99.9p99.95;;;;;;;;;;0.0226915311;0.0226915311;
