Variable Name;.;.;.;Pre-tax national income  | equal-split adults | Average | Adults | constant 2015 local currency;Pre-tax national income  | equal-split adults | Beta coefficient | Adults | constant 2015 local currency;Pre-tax national income  | equal-split adults | Threshold | Adults | constant 2015 local currency;Pre-tax national income  | equal-split adults | Share | Adults | share of total (ratio)
Variable Category;.;.;.;Income inequality;Income inequality;Income inequality;Income inequality
Variable Description;.;.;.;Average Pre-tax national income within a given percentile group. Pre-tax national income  is the sum of all pre-tax personal income flows accruing to the owners of the production factors, labor and capital, before taking into account the operation of the tax/transfer system, but after taking into account the operation of pension system. The central difference between personal factor income and pre-tax income is the treatment of pensions, which are counted on a contribution basis by factor income and on a distribution basis by pre-tax income. The population is comprised of individuals over age 20. The base unit is the individual (rather than the household) but resources are split equally within couples.;The beta coefficient corresponds to the inverted Pareto-Lorenz coefficient. It is equal to mean income over a given percentile. A coefficient b=2=200% for an income level 100 000 EUR means that the average income above 100 000 EUR is 200 000 EUR, a coefficient of 3 or 300% at income level 1 000 000 EUR means that the average income level above 1 000 000 EUR in a given population is 3 000 000 EUR.;Pre-tax national income threshold value at a given percentile.  Pre-tax national income  is the sum of all pre-tax personal income flows accruing to the owners of the production factors, labor and capital, before taking into account the operation of the tax/transfer system, but after taking into account the operation of pension system. The central difference between personal factor income and pre-tax income is the treatment of pensions, which are counted on a contribution basis by factor income and on a distribution basis by pre-tax income. The population is comprised of individuals over age 20. The base unit is the individual (rather than the household) but resources are split equally within couples.;Pre-tax national income share held by a given percentile group. Pre-tax national income  is the sum of all pre-tax personal income flows accruing to the owners of the production factors, labor and capital, before taking into account the operation of the tax/transfer system, but after taking into account the operation of pension system. The central difference between personal factor income and pre-tax income is the treatment of pensions, which are counted on a contribution basis by factor income and on a distribution basis by pre-tax income. The population is comprised of individuals over age 20. The base unit is the individual (rather than the household) but resources are split equally within couples.
Variable Decomposition;.;.;.;Pre-tax national income =Pre-tax labor income [total pre-tax income ranking]+Pre-tax capital income [total pre-tax income ranking];Pre-tax national income =Pre-tax labor income [total pre-tax income ranking]+Pre-tax capital income [total pre-tax income ranking];Pre-tax national income =Pre-tax labor income [total pre-tax income ranking]+Pre-tax capital income [total pre-tax income ranking];Pre-tax national income =Pre-tax labor income [total pre-tax income ranking]+Pre-tax capital income [total pre-tax income ranking]
Variable Unit;.;.;.;"AED; United Arab Emirates dirham | local currency | market";;"AED; United Arab Emirates dirham | local currency | market";share
Methodological Notes;.;.;.;;;;
Sources;.;.;.;"http://wid.world/document/alvaredoassouadpiketty-middleeast-widworldwp201715/ (Facundo Alvaredo; Lydia Assouad and Thomas Piketty (2017). Measuring Inequality in the Middle East, 1990-2016: The World’s Most Unequal Region? WID.world Working Paper 2017/15)";"http://wid.world/document/alvaredoassouadpiketty-middleeast-widworldwp201715/ (Facundo Alvaredo; Lydia Assouad and Thomas Piketty (2017). Measuring Inequality in the Middle East, 1990-2016: The World’s Most Unequal Region? WID.world Working Paper 2017/15)";"http://wid.world/document/alvaredoassouadpiketty-middleeast-widworldwp201715/ (Facundo Alvaredo; Lydia Assouad and Thomas Piketty (2017). Measuring Inequality in the Middle East, 1990-2016: The World’s Most Unequal Region? WID.world Working Paper 2017/15)";"http://wid.world/document/alvaredoassouadpiketty-middleeast-widworldwp201715/ (Facundo Alvaredo; Lydia Assouad and Thomas Piketty (2017). Measuring Inequality in the Middle East, 1990-2016: The World’s Most Unequal Region? WID.world Working Paper 2017/15)"
Variable Code;country;year;perc;aptinc992j;bptinc992j;tptinc992j;sptinc992j
;AE;2009;p0p100;141506.753713;-0.0184503477067;-7669598.5;1.0
;AE;2009;p0p50;30832.1991405;;-7669598.5;0.1089425004
;AE;2009;p50p90;116946.042831;;50325.6679688;0.3305737423
;AE;2009;p90p99;636421.602114;;346021.21875;0.4047718048
;AE;2009;p99p100;2203429.10695;1.94800364971;1131121.625;0.1557119419
;AE;2009;p99.9p100;8375216.61264;2.86793899536;2920291.0;0.059185986
;AE;2009;p99.99p100;40437159.3207;3.36430072784;12019484.0;0.0285761338
;AE;2009;p99.999p100;208999858.902;3.59436297417;58146564.0;0.0147696031
;AE;2009;p0p10;15891.7657578;;-7669598.5;0.0112303938
;AE;2009;p10p20;27339.8006079;;25597.4707031;0.0193204917
;AE;2009;p20p30;30787.3372847;;29031.9667969;0.0217567971
;AE;2009;p30p40;35727.9505995;;32746.0136719;0.02524823
;AE;2009;p40p50;44414.1414528;;39224.9179688;0.0313865878
;AE;2009;p50p60;58107.272104;;50325.6679688;0.04106325
;AE;2009;p60p70;79366.597508;;66673.734375;0.0560867912
;AE;2009;p70p80;114207.036689;;95259.96875;0.0807078346
;AE;2009;p80p90;216103.265023;;138776.796875;0.1527158665
;AE;2009;p90p100;793122.369065;2.29212069511;346021.21875;0.5604837617
;AE;2009;p0p1;1073.82791464;;-7669598.5;7.58853e-05
;AE;2009;p1p2;5787.18515052;;3888.69702148;0.0004089688
;AE;2009;p2p3;9410.64060708;;7647.98095703;0.0006650312
;AE;2009;p3p4;12708.6074599;;11099.1425781;0.0008980919
;AE;2009;p4p5;15824.4962357;;14326.6083984;0.0011182856
;AE;2009;p5p6;18596.2261051;;17151.5488281;0.0013141582
;AE;2009;p6p7;21490.8569261;;20092.3710938;0.001518716
;AE;2009;p7p8;23733.6522675;;22776.8554688;0.0016772099
;AE;2009;p8p9;24896.0806198;;24526.3066406;0.0017593564
;AE;2009;p9p10;25396.0842918;;25184.4765625;0.0017946906
;AE;2009;p10p11;25792.0541738;;25597.4707031;0.001822673
;AE;2009;p11p12;26154.39;;25979.0097656;0.0018482786
;AE;2009;p12p13;26498.8783776;;26328.7851562;0.0018726229
;AE;2009;p13p14;26838.8398224;;26669.34375;0.0018966473
;AE;2009;p14p15;27176.8277355;;27008.0644531;0.0019205322
;AE;2009;p15p16;27513.909603;;27345.1132812;0.0019443531
;AE;2009;p16p17;27850.6389365;;27682.9082031;0.0019681491
;AE;2009;p17p18;28186.8707687;;28019.0078125;0.0019919099
;AE;2009;p18p19;28523.5902181;;28354.4296875;0.0020157052
;AE;2009;p19p20;28862.0064435;;28691.5625;0.0020396204
;AE;2009;p20p21;29201.6285331;;29031.9667969;0.0020636208
;AE;2009;p21p22;29543.2702805;;29372.78125;0.002087764
;AE;2009;p22p23;29886.8954438;;29715.3945312;0.0021120473
;AE;2009;p23p24;30232.0658265;;30059.7011719;0.0021364398
;AE;2009;p24p25;30578.4717258;;30404.7285156;0.0021609196
;AE;2009;p25p26;30927.5661092;;30752.2734375;0.0021855894
;AE;2009;p26p27;31283.5398488;;31103.4628906;0.0022107454
;AE;2009;p27p28;31656.4055709;;31465.9179688;0.002237095
;AE;2009;p28p29;32060.4161948;;31853.2265625;0.0022656457
;AE;2009;p29p30;32503.1133135;;32271.8691406;0.0022969302
;AE;2009;p30p31;33007.0327493;;32746.0136719;0.0023325412
;AE;2009;p31p32;33548.0045034;;33271.671875;0.0023707706
;AE;2009;p32p33;34113.4164226;;33827.4726562;0.0024107271
;AE;2009;p33p34;34704.6918221;;34404.3203125;0.0024525113
;AE;2009;p34p35;35317.1719806;;35008.4023438;0.0024957941
;AE;2009;p35p36;35945.3020156;;35626.5195312;0.0025401828
;AE;2009;p36p37;36589.4443454;;36262.4921875;0.002585703
;AE;2009;p37p38;37263.6377329;;36921.2578125;0.0026333469
;AE;2009;p38p39;37992.5266153;;37616.5585938;0.0026848561
;AE;2009;p39p40;38798.2778073;;38384.1914062;0.0027417969
;AE;2009;p40p41;39673.0597811;;39224.9179688;0.002803616
;AE;2009;p41p42;40608.9487571;;40130.4101562;0.0028697534
;AE;2009;p42p43;41591.9850454;;41094.7070312;0.0029392226
;AE;2009;p43p44;42613.7572492;;42095.1875;0.0030114292
;AE;2009;p44p45;43688.0899754;;43139.5234375;0.0030873502
;AE;2009;p45p46;44813.2996265;;44245.8320312;0.0031668665
;AE;2009;p46p47;45965.4830754;;45383.328125;0.003248289
;AE;2009;p47p48;47149.677935;;46554.9726562;0.0033319737
;AE;2009;p48p49;48375.7617484;;47753.7929688;0.0034186186
;AE;2009;p49p50;49661.3513345;;49005.546875;0.0035094686
;AE;2009;p50p51;51015.7180097;;50325.6679688;0.003605179
;AE;2009;p51p52;52452.0669752;;51719.6953125;0.0037066829
;AE;2009;p52p53;53967.5153588;;53202.3789062;0.0038137767
;AE;2009;p53p54;55528.7931704;;54742.0;0.003924109
;AE;2009;p54p55;57136.8031608;;56323.484375;0.0040377439
;AE;2009;p55p56;58781.8852377;;57957.5390625;0.0041539986
;AE;2009;p56p57;60445.035509;;59612.9375;0.0042715301
;AE;2009;p57p58;62138.4575836;;61280.4609375;0.0043912008
;AE;2009;p58p59;63886.3544074;;62997.3398438;0.0045147212
;AE;2009;p59p60;65720.0916279;;64783.7734375;0.0046443078
;AE;2009;p60p61;67666.3695817;;66673.734375;0.0047818474
;AE;2009;p61p62;69752.5739056;;68688.8984375;0.0049292753
;AE;2009;p62p63;71998.4333281;;70846.9296875;0.0050879857
;AE;2009;p63p64;74433.9033602;;73184.5546875;0.0052600955
;AE;2009;p64p65;77080.8542927;;75720.75;0.0054471502
;AE;2009;p65p66;79953.2952361;;78470.0234375;0.0056501399
;AE;2009;p66p67;83050.171883;;81461.1328125;0.00586899
;AE;2009;p67p68;86367.089089;;84670.6640625;0.0061033899
;AE;2009;p68p69;89882.8552739;;88094.546875;0.0063518421
;AE;2009;p69p70;93480.4291293;;91685.5234375;0.0066060754
;AE;2009;p70p71;96997.2957477;;95259.96875;0.0068546054
;AE;2009;p71p72;100358.553172;;98700.4375;0.0070921388
;AE;2009;p72p73;103636.401697;;102004.28125;0.0073237778
;AE;2009;p73p74;106974.708166;;105284.703125;0.0075596892
;AE;2009;p74p75;110558.714402;;108704.882812;0.0078129638
;AE;2009;p75p76;114585.246432;;112481.5625;0.0080975108
;AE;2009;p76p77;119221.405401;;116799.140625;0.0084251389
;AE;2009;p77p78;124390.59587;;121735.804688;0.0087904353
;AE;2009;p78p79;129769.936177;;127053.0625;0.0091705825
;AE;2009;p79p80;135577.509822;;132538.8125;0.0095809922
;AE;2009;p80p81;142619.282154;;138776.796875;0.0100786202
;AE;2009;p81p82;151949.824221;;146840.015625;0.010737991
;AE;2009;p82p83;164543.276595;;157640.75;0.0116279451
;AE;2009;p83p84;178371.705206;;171603.828125;0.0126051726
;AE;2009;p84p85;193115.654891;;185196.453125;0.0136470981
;AE;2009;p85p86;211990.908411;;201699.375;0.0149809746
;AE;2009;p86p87;237083.43946;;223689.3125;0.0167542137
;AE;2009;p87p88;261311.425203;;249734.71875;0.0184663571
;AE;2009;p88p89;291283.357134;;274063.5625;0.0205844138
;AE;2009;p89p90;328763.776957;;310190.625;0.0232330803
;AE;2009;p90p91;365114.559037;;346021.21875;0.0258019175
;AE;2009;p91p92;413550.076956;;386961.875;0.029224759
;AE;2009;p92p93;469600.356961;;440887.5;0.0331857204
;AE;2009;p93p94;532116.467481;;499607.3125;0.0376036093
;AE;2009;p94p95;603383.909901;;566112.5;0.0426399373
;AE;2009;p95p96;684388.56714;;642224.6875;0.0483643748
;AE;2009;p96p97;775688.800434;;728235.5;0.0548163801
;AE;2009;p97p98;875668.198281;;824413.5625;0.0618817247
;AE;2009;p98p99;1008283.68397;;928622.6875;0.0712533966
;AE;2009;p1p100;142925.268114;36.7540245056;3888.69702148;0.9999241147
;AE;2009;p2p100;144324.636309;18.8709468842;7647.98095703;0.9995151459
;AE;2009;p3p100;145715.502247;13.128537178;11099.1425781;0.9988501147
;AE;2009;p4p100;147100.990735;10.2676773071;14326.6083984;0.9979520228
;AE;2009;p5p100;148482.848567;8.65711021423;17151.5488281;0.9968337372
;AE;2009;p6p100;149864.621143;7.45878219604;20092.3710938;0.9955195789
;AE;2009;p7p100;151244.984199;6.6402926445;22776.8554688;0.994000863
;AE;2009;p8p100;152630.976932;6.22315359116;24526.3066406;0.9923236531
;AE;2009;p9p100;154034.657118;6.11625385284;25184.4765625;0.9905642968
;AE;2009;p10p100;155463.974596;6.07341146469;25597.4707031;0.9887696061
;AE;2009;p11p100;156920.96247;6.04029798508;25979.0097656;0.9869469332
;AE;2009;p12p100;158406.946248;6.01649284363;26328.7851562;0.9850986546
;AE;2009;p13p100;159923.13093;5.99651527405;26669.34375;0.9832260317
;AE;2009;p14p100;161470.622695;5.97860765457;27008.0644531;0.9813293845
;AE;2009;p15p100;163050.549688;5.96269416809;27345.1132812;0.9794088522
;AE;2009;p16p100;164664.081122;5.9482216835;27682.9082031;0.9774644991
;AE;2009;p17p100;166312.435864;5.93570041656;28019.0078125;0.9754963501
;AE;2009;p18p100;167996.893962;5.92489051819;28354.4296875;0.9735044401
;AE;2009;p19p100;169718.786605;5.91528558731;28691.5625;0.9714887349
;AE;2009;p20p100;171479.49636;5.90657520294;29031.9667969;0.9694491145
;AE;2009;p21p100;173280.482019;5.89935541153;29372.78125;0.9673854936
;AE;2009;p22p100;175123.266791;5.89335155487;29715.3945312;0.9652977297
;AE;2009;p23p100;177009.453449;5.88859653473;30059.7011719;0.9631856825
;AE;2009;p24p100;178940.734877;5.8852930069;30404.7285156;0.9610492428
;AE;2009;p25p100;180918.898397;5.88310623169;30752.2734375;0.9588883233
;AE;2009;p26p100;182945.808298;5.88184690475;31103.4628906;0.9567027339
;AE;2009;p27p100;185023.373602;5.88011980057;31465.9179688;0.9544919884
;AE;2009;p28p100;187153.470402;5.87549495697;31853.2265625;0.9522548935
;AE;2009;p29p100;189337.8796;5.86696338654;32271.8691406;0.9499892478
;AE;2009;p30p100;191578.376273;5.85043334961;32746.0136719;0.9476923177
;AE;2009;p31p100;193876.511682;5.82707452774;33271.671875;0.9453597765
;AE;2009;p32p100;196234.283853;5.80103302002;33827.4726562;0.942989006
;AE;2009;p33p100;198653.998279;5.77410030365;34404.3203125;0.9405782788
;AE;2009;p34p100;201138.078699;5.74542284012;35008.4023438;0.9381257676
;AE;2009;p35p100;203689.169576;5.71734666824;35626.5195312;0.9356299735
;AE;2009;p36p100;206310.167498;5.68935441971;36262.4921875;0.9330897907
;AE;2009;p37p100;209004.147243;5.6608080864;36921.2578125;0.9305040877
;AE;2009;p38p100;211774.155445;5.6298122406;37616.5585938;0.9278707407
;AE;2009;p39p100;214623.034618;5.59144353867;38384.1914062;0.9251858846
;AE;2009;p40p100;217553.447231;5.54630708694;39224.9179688;0.9224440877
;AE;2009;p41p100;220568.36906;5.49628973007;40130.4101562;0.9196404718
;AE;2009;p42p100;223671.117706;5.44282054901;41094.7070312;0.9167707185
;AE;2009;p43p100;226865.488437;5.38934516907;42095.1875;0.9138314958
;AE;2009;p44p100;230155.697911;5.33514690399;43139.5234375;0.9108200665
;AE;2009;p45p100;233546.018079;5.27837324142;44245.8320312;0.9077327164
;AE;2009;p46p100;237041.068402;5.22308683395;45383.328125;0.9045658499
;AE;2009;p47p100;240646.268105;5.16907787323;46554.9726562;0.9013175608
;AE;2009;p48p100;244367.356384;5.11723470688;47753.7929688;0.8979855872
;AE;2009;p49p100;248210.32883;5.06494379044;49005.546875;0.8945669686
;AE;2009;p50p100;252181.308366;5.01098775864;50325.6679688;0.8910574999
;AE;2009;p51p100;256286.728594;4.95530223846;51719.6953125;0.8874523209
;AE;2009;p52p100;260533.28403;4.89702320099;53202.3789062;0.883745638
;AE;2009;p53p100;264928.300364;4.83958005905;54742.0;0.8799318612
;AE;2009;p54p100;269480.463577;4.78451347351;56323.484375;0.8760077522
;AE;2009;p55p100;274199.21161;4.73103618622;57957.5390625;0.8719700084
;AE;2009;p56p100;279095.059933;4.68178653717;59612.9375;0.8678160098
;AE;2009;p57p100;284179.944182;4.63736629486;61280.4609375;0.8635444796
;AE;2009;p58p100;289466.646322;4.59490251541;62997.3398438;0.859153279
;AE;2009;p59p100;294968.604648;4.55312490463;64783.7734375;0.8546385578
;AE;2009;p60p100;300699.817506;4.51001930237;66673.734375;0.8499942501
;AE;2009;p61p100;306675.034121;4.46469593048;68688.8984375;0.8452124027
;AE;2009;p62p100;312909.83579;4.41670274734;70846.9296875;0.8402831277
;AE;2009;p63p100;319420.95473;4.36459541321;73184.5546875;0.8351951419
;AE;2009;p64p100;326226.150598;4.30827951431;75720.75;0.8299350464
;AE;2009;p65p100;333344.587678;4.24805021286;78470.0234375;0.8244878963
;AE;2009;p66p100;340797.272714;4.1835565567;81461.1328125;0.8188377564
;AE;2009;p67p100;348607.790853;4.11722040176;84670.6640625;0.8129687662
;AE;2009;p68p100;356802.812884;4.05022573471;88094.546875;0.8068653766
;AE;2009;p69p100;365413.134114;3.98550534248;91685.5234375;0.8005135345
;AE;2009;p70p100;374477.557626;3.93111157417;95259.96875;0.7939074591
;AE;2009;p71p100;384045.842408;3.89102482796;98700.4375;0.7870528535
;AE;2009;p72p100;394177.531204;3.86432337761;102004.28125;0.7799607145
;AE;2009;p73p100;404938.313748;3.84612679482;105284.703125;0.7726369367
;AE;2009;p74p100;416398.452458;3.83054041862;108704.882812;0.7650772475
;AE;2009;p75p100;428632.041926;3.81068706512;112481.5625;0.7572642836
;AE;2009;p76p100;441717.324832;3.78185415268;116799.140625;0.7491667725
;AE;2009;p77p100;455738.886529;3.74367165565;121735.804688;0.7407416335
;AE;2009;p78p100;470800.172277;3.70553970337;127053.0625;0.731951198
;AE;2009;p79p100;487039.707279;3.67469501495;132538.8125;0.7227806154
;AE;2009;p80p100;504612.817341;3.63614678383;138776.796875;0.7131996235
;AE;2009;p81p100;523665.108524;3.56622886658;146840.015625;0.7031210031
;AE;2009;p82p100;544315.95748;3.45288872719;157640.75;0.6923830119
;AE;2009;p83p100;566655.526644;3.30211472511;171603.828125;0.6807550665
;AE;2009;p84p100;590923.265327;3.19079136848;185196.453125;0.6681498937
;AE;2009;p85p100;617443.772638;3.06120824814;201699.375;0.6545027956
;AE;2009;p86p100;646404.69155;2.88974332809;223689.3125;0.639521821
;AE;2009;p87p100;677890.942133;2.71444416046;249734.71875;0.6227676077
;AE;2009;p88p100;712605.901695;2.60014820099;274063.5625;0.6043012504
;AE;2009;p89p100;750907.950838;2.42079520226;310190.625;0.5837168363
;AE;2009;p91p100;840678.793567;2.17251062393;386961.875;0.5346818398
;AE;2009;p92p100;894069.883533;2.0278866291;440887.5;0.5054570811
;AE;2009;p93p100;954708.3878;1.91091752052;499607.3125;0.4722713609
;AE;2009;p94p100;1025140.37714;1.81084215641;566112.5;0.4346677527
;AE;2009;p95p100;1109491.67465;1.72757554054;642224.6875;0.3920278169
;AE;2009;p96p100;1215767.45092;1.669470191;728235.5;0.3436634419
;AE;2009;p97p100;1362460.33441;1.65264177322;824413.5625;0.2888470618
;AE;2009;p98p100;1605856.40172;1.72928833961;928622.6875;0.2269653369
;AE;2009;p0p90;69105.0185585;;-7669598.5;0.4395162427
;AE;2009;p0p99;120679.255459;;-7669598.5;0.8442880624
;AE;2009;p99.1p100;2320455.84064;1.98360073566;1169820.0;0.1475837868
;AE;2009;p99.1p99.2;1190353.20132;;1169820.0;0.0084119886
;AE;2009;p99.2p100;2461718.67756;2.02798748016;1213872.75;0.1391717985
;AE;2009;p99.2p99.3;1240648.93934;;1213872.75;0.0087674186
;AE;2009;p99.3p100;2636157.21075;2.08090615273;1266831.375;0.1304043799
;AE;2009;p99.3p99.4;1298713.86914;;1266831.375;0.0091777518
;AE;2009;p99.4p100;2859064.44494;2.14413261414;1333436.375;0.1212266286
;AE;2009;p99.4p99.5;1374762.2533;;1333436.375;0.0097151706
;AE;2009;p99.5p100;3155924.8913;2.22301626205;1419659.0;0.1115114582
;AE;2009;p99.5p99.6;1477978.69139;;1419659.0;0.0104445806
;AE;2009;p99.6p100;3575411.42873;2.31798601151;1542464.625;0.1010668773
;AE;2009;p99.6p99.7;1630209.62034;;1542464.625;0.0115203662
;AE;2009;p99.7p100;4223812.03602;2.43896055222;1731808.25;0.0895465112
;AE;2009;p99.7p99.8;1882007.76563;;1731808.25;0.0132997734
;AE;2009;p99.8p100;5394714.17507;2.60398745537;2071712.875;0.0762467378
;AE;2009;p99.8p99.9;2414211.76699;;2071712.875;0.017060753
;AE;2009;p99.91p100;8972389.34259;2.90354657173;3090148.25;0.0570654771
;AE;2009;p99.91p99.92;3188611.28117;;3090148.25;0.002253328
;AE;2009;p99.92p100;9695361.61414;2.94398760796;3293275.25;0.0548121492
;AE;2009;p99.92p99.93;3417563.04477;;3293275.25;0.0024151236
;AE;2009;p99.93p100;10592189.9642;2.98669028282;3546464.25;0.0523970254
;AE;2009;p99.93p99.94;3699015.03743;;3546464.25;0.0026140201
;AE;2009;p99.94p100;11741052.4508;3.03635311127;3866827.0;0.0497830053
;AE;2009;p99.94p99.95;4071703.50414;;3866827.0;0.0028773916
;AE;2009;p99.95p100;13274922.2726;3.08753991127;4299514.5;0.0469056138
;AE;2009;p99.95p99.96;4583751.65058;;4299514.5;0.0032392459
;AE;2009;p99.96p100;15447714.9113;3.14825224876;4906759.0;0.0436663679
;AE;2009;p99.96p99.97;5344854.89785;;4906759.0;0.0037771023
;AE;2009;p99.97p100;18815334.8841;3.20693206787;5867082.5;0.0398892655
;AE;2009;p99.97p99.98;6624178.93235;;5867082.5;0.0046811751
;AE;2009;p99.98p100;24910912.8871;3.28191018105;7590370.0;0.0352080904
;AE;2009;p99.98p99.99;9384667.57774;;7590370.0;0.0066319574
;AE;2009;p99.991p100;43548531.0262;3.37788629532;12892243.0;0.0276973903
;AE;2009;p99.991p99.992;13399707.6562;;12892243.0;0.0009469306
;AE;2009;p99.992p100;47317133.9982;3.39627957344;13932049.0;0.0267504598
;AE;2009;p99.992p99.993;14574570.2473;;13932049.0;0.0010299558
;AE;2009;p99.993p100;51994643.1597;3.40970873833;15248998.0;0.025720504
;AE;2009;p99.993p99.994;16040163.0662;;15248998.0;0.0011335263
;AE;2009;p99.994p100;57987056.6068;3.42505097389;16930276.0;0.0245869777
;AE;2009;p99.994p99.995;17986490.4407;;16930276.0;0.0012710694
;AE;2009;p99.995p100;65987169.9777;3.44455575943;19156946.0;0.0233159083
;AE;2009;p99.995p99.996;20609413.047;;19156946.0;0.0014564261
;AE;2009;p99.996p100;77331609.0403;3.47290349007;22267134.0;0.0218594822
;AE;2009;p99.996p99.997;24506141.706;;22267134.0;0.0017318001
;AE;2009;p99.997p100;94940098.114;3.50077319145;27119752.0;0.020127682
;AE;2009;p99.997p99.998;31006487.613;;27119752.0;0.0021911666
;AE;2009;p99.998p100;126906903.153;3.53322029114;35918196.0;0.0179365154
;AE;2009;p99.998p99.999;44813948.6845;;35918196.0;0.0031669124
;AE;2009;p99.99p99.991;12434806.2801;;12019484.0;0.000878743
;AE;2009;p99.9p99.91;3000662.19416;;2920291.0;0.0021205081
;AE;2009;p99p99.1;1150188.56738;;1131121.625;0.0081281532
;AE;1998;p0p100;283359.506333;-0.0142106339335;-19939962.0;1.0
;AE;1998;p0p50;68864.4352079;;-19939962.0;0.121514249
;AE;1998;p50p90;237068.260642;;119275.90625;0.3346536895
;AE;1998;p90p99;1150605.71762;;628247.875;0.3654527664
;AE;1998;p99p100;5054546.98746;2.10131072998;2405425.75;0.1783792982
;AE;1998;p99.9p100;18354044.2043;2.43997001648;7522242.0;0.0647729961
;AE;1998;p99.99p100;74603475.3844;2.64591622353;28195706.0;0.0263282063
;AE;1998;p99.999p100;324531165.806;2.91535234451;111317992.0;0.0114529832
;AE;1998;p0p10;32182.3390798;;-19939962.0;0.0113574235
;AE;1998;p10p20;52078.8060111;;44100.6914062;0.0183790573
;AE;1998;p20p30;67851.4300748;;59487.0546875;0.0239453516
;AE;1998;p30p40;85545.5530031;;76232.515625;0.0301897593
;AE;1998;p40p50;106664.047871;;95451.6015625;0.0376426573
;AE;1998;p50p60;134999.18902;;119275.90625;0.0476423716
;AE;1998;p60p70;173618.936155;;152210.21875;0.0612716116
;AE;1998;p70p80;232634.204789;;197729.328125;0.082098606
;AE;1998;p80p90;407020.712603;;275747.53125;0.1436411003
;AE;1998;p90p100;1540999.85325;2.45285320282;628247.875;0.5438320646
;AE;1998;p0p1;12361.8859766;;-19939962.0;0.0004362616
;AE;1998;p1p2;20355.2241048;;18263.9335938;0.0007183533
;AE;1998;p2p3;25152.4430618;;22502.5019531;0.0008876513
;AE;1998;p3p4;30164.2548748;;27935.796875;0.0010645224
;AE;1998;p4p5;33821.4445426;;32066.5117188;0.0011935878
;AE;1998;p5p6;36628.8296113;;35463.6367188;0.0012926628
;AE;1998;p6p7;38483.6444706;;37636.6210938;0.0013581208
;AE;1998;p7p8;40064.3869145;;39280.4453125;0.0014139066
;AE;1998;p8p9;41587.5366774;;40834.6367188;0.0014676598
;AE;1998;p9p10;43203.7405635;;42360.703125;0.0015246971
;AE;1998;p10p11;45046.2709196;;44100.6914062;0.0015897215
;AE;1998;p11p12;47139.4988278;;46073.828125;0.0016635933
;AE;1998;p12p13;48911.073312;;48125.796875;0.0017261137
;AE;1998;p13p14;50298.2259699;;49638.9765625;0.0017750675
;AE;1998;p14p15;51633.9446923;;50963.9765625;0.0018222062
;AE;1998;p15p16;52857.0708616;;52257.3398438;0.0018653714
;AE;1998;p16p17;54072.4449946;;53453.0;0.001908263
;AE;1998;p17p18;55404.172243;;54724.9414062;0.0019552608
;AE;1998;p18p19;56860.9348874;;56095.203125;0.0020066712
;AE;1998;p19p20;58564.4234024;;57665.4296875;0.0020667887
;AE;1998;p20p21;60427.3927441;;59487.0546875;0.0021325345
;AE;1998;p21p22;62092.8072158;;61321.3554688;0.0021913084
;AE;1998;p22p23;63545.3012922;;62803.5625;0.0022425682
;AE;1998;p23p24;65012.0525177;;64291.6640625;0.0022943311
;AE;1998;p24p25;66684.8363719;;65793.875;0.0023533651
;AE;1998;p25p26;68544.8038613;;67597.2421875;0.0024190049
;AE;1998;p26p27;70422.7032948;;69484.46875;0.0024852776
;AE;1998;p27p28;72304.3434982;;71368.59375;0.0025516823
;AE;1998;p28p29;73987.2808705;;73197.1328125;0.0026110746
;AE;1998;p29p30;75492.779082;;74721.2890625;0.0026642049
;AE;1998;p30p31;76963.0533606;;76232.515625;0.0027160922
;AE;1998;p31p32;78661.8840565;;77752.640625;0.0027760454
;AE;1998;p32p33;80658.465515;;79622.984375;0.0028465064
;AE;1998;p33p34;82764.0636938;;81711.3203125;0.0029208148
;AE;1998;p34p35;84725.2430874;;83788.5078125;0.0029900265
;AE;1998;p35p36;86500.538549;;85635.0859375;0.0030526782
;AE;1998;p36p37;88249.4111126;;87331.0546875;0.0031143974
;AE;1998;p37p38;90229.4131099;;89221.4296875;0.0031842734
;AE;1998;p38p39;92294.3180467;;91256.3046875;0.0032571456
;AE;1998;p39p40;94409.1394993;;93348.7265625;0.0033317795
;AE;1998;p40p41;96448.3076759;;95451.6015625;0.0034037435
;AE;1998;p41p42;98413.3663864;;97441.2109375;0.0034730921
;AE;1998;p42p43;100468.282742;;99396.6875;0.0035456119
;AE;1998;p43p44;102748.140097;;101579.65625;0.00362607
;AE;1998;p44p45;105094.084386;;103913.1875;0.0037088604
;AE;1998;p45p46;107490.67751;;106275.15625;0.0037934382
;AE;1998;p46p47;110040.120996;;108734.390625;0.0038834102
;AE;1998;p47p48;112704.129681;;111364.523438;0.0039774254
;AE;1998;p48p49;115328.302796;;114033.59375;0.0040700347
;AE;1998;p49p50;117905.066437;;116580.234375;0.0041609709
;AE;1998;p50p51;120716.832231;;119275.90625;0.0042602005
;AE;1998;p51p52;123695.157945;;122181.757812;0.0043653082
;AE;1998;p52p53;126716.301289;;125205.101562;0.0044719269
;AE;1998;p53p54;129811.230822;;128241.765625;0.0045811497
;AE;1998;p54p55;133072.020943;;131436.3125;0.0046962257
;AE;1998;p55p56;136245.011832;;134675.75;0.0048082033
;AE;1998;p56p57;139580.102746;;137855.3125;0.0049259015
;AE;1998;p57p58;143116.654237;;141345.609375;0.0050507095
;AE;1998;p58p59;146705.48414;;144916.03125;0.0051773624
;AE;1998;p59p60;150333.094017;;148497.0;0.0053053838
;AE;1998;p60p61;154123.92549;;152210.21875;0.0054391655
;AE;1998;p61p62;158075.643053;;156054.140625;0.005578625
;AE;1998;p62p63;162282.207981;;160156.5;0.0057270783
;AE;1998;p63p64;166505.161044;;164397.890625;0.0058761099
;AE;1998;p64p65;170911.233696;;168668.921875;0.006031604
;AE;1998;p65p66;175448.292668;;173176.3125;0.0061917207
;AE;1998;p66p67;179950.912807;;177699.953125;0.006350622
;AE;1998;p67p68;184558.987029;;182246.65625;0.0065132449
;AE;1998;p68p69;189475.902373;;186914.5625;0.0066867671
;AE;1998;p69p70;194857.095413;;192097.703125;0.006876674
;AE;1998;p70p71;200858.29301;;197729.328125;0.0070884614
;AE;1998;p71p72;207477.581895;;204117.390625;0.0073220618
;AE;1998;p72p73;214261.939671;;210810.46875;0.0075614876
;AE;1998;p73p74;221221.394503;;217749.5625;0.0078070927
;AE;1998;p74p75;228042.20994;;224661.234375;0.0080478052
;AE;1998;p75p76;234833.257558;;231391.125;0.0082874671
;AE;1998;p76p77;241801.856494;;238238.984375;0.0085333949
;AE;1998;p77p78;249679.957305;;245542.640625;0.0088114198
;AE;1998;p78p79;258632.97195;;253953.28125;0.0091273794
;AE;1998;p79p80;269532.585564;;263705.28125;0.0095120361
;AE;1998;p80p81;282629.581465;;275747.53125;0.0099742403
;AE;1998;p81p82;297749.073717;;289783.15625;0.0105078202
;AE;1998;p82p83;316144.715018;;306065.25;0.0111570181
;AE;1998;p83p84;340095.617208;;327239.5;0.012002266
;AE;1998;p84p85;368347.89008;;353665.9375;0.012999313
;AE;1998;p85p86;401087.793622;;383784.0;0.0141547322
;AE;1998;p86p87;440962.842825;;419775.6875;0.0155619569
;AE;1998;p87p88;486205.177584;;462620.4375;0.0171585977
;AE;1998;p88p89;538569.568609;;511106.53125;0.019006582
;AE;1998;p89p90;598414.865903;;568036.5;0.0211185738
;AE;1998;p90p91;660944.333772;;628247.875;0.0233252924
;AE;1998;p91p92;740174.656501;;697384.875;0.0261213984
;AE;1998;p92p93;829832.846803;;783854.0625;0.0292855129
;AE;1998;p93p94;928155.741979;;878119.5625;0.0327554122
;AE;1998;p94p95;1040302.30563;;980071.6875;0.0367131606
;AE;1998;p95p96;1179751.55401;;1105316.625;0.0416344441
;AE;1998;p96p97;1349760.00206;;1258151.375;0.0476341881
;AE;1998;p97p98;1599852.53922;;1456540.625;0.0564601682
;AE;1998;p98p99;2026677.56808;;1760820.5;0.0715231895
;AE;1998;p1p100;286096.856038;15.6645803452;18263.9335938;0.9995637385
;AE;1998;p2p100;288808.505343;12.8345060349;22502.5019531;0.9988453851
;AE;1998;p3p100;291526.609081;10.4355926514;27935.796875;0.9979577339
;AE;1998;p4p100;294249.133606;9.17621231079;32066.5117188;0.9968932114
;AE;1998;p5p100;296990.477712;8.37450695038;35463.6367188;0.9956996237
;AE;1998;p6p100;299760.282467;7.96459054947;37636.6210938;0.9944069608
;AE;1998;p7p100;302569.708698;7.70280742645;39280.4453125;0.9930488401
;AE;1998;p8p100;305423.027409;7.4795088768;40834.6367188;0.9916349335
;AE;1998;p9p100;308322.318506;7.2784986496;42360.703125;0.9901672736
;AE;1998;p10p100;311268.080498;7.05812263489;44100.6914062;0.9886425766
;AE;1998;p11p100;314259.336798;6.82077741623;46073.828125;0.9870528551
;AE;1998;p12p100;317294.789515;6.59302949905;48125.796875;0.9853892618
;AE;1998;p13p100;320379.659825;6.45419549942;49638.9765625;0.9836631481
;AE;1998;p14p100;323520.141609;6.34801626205;50963.9765625;0.9818880806
;AE;1998;p15p100;326718.802748;6.25211334229;52257.3398438;0.9800658744
;AE;1998;p16p100;329979.06146;6.17325639725;53453.0;0.978200503
;AE;1998;p17p100;333303.23756;6.09051799774;54724.9414062;0.97629224
;AE;1998;p18p100;336692.250549;6.00215768814;56095.203125;0.9743369793
;AE;1998;p19p100;340146.958177;5.8986287117;57665.4296875;0.9723303082
;AE;1998;p20p100;343666.739845;5.77716875076;59487.0546875;0.9702635194
;AE;1998;p21p100;347252.04802;5.6628241539;61321.3554688;0.9681309849
;AE;1998;p22p100;350907.935691;5.58738899231;62803.5625;0.9659396764
;AE;1998;p23p100;354639.91795;5.51611042023;64291.6640625;0.9636971082
;AE;1998;p24p100;358450.810875;5.44808769226;65793.875;0.961402777
;AE;1998;p25p100;362341.023843;5.36029291153;67597.2421875;0.9590494118
;AE;1998;p26p100;366311.242997;5.27184343338;69484.46875;0.9566304068
;AE;1998;p27p100;370364.510647;5.18946075439;71368.59375;0.9541451292
;AE;1998;p28p100;374504.235203;5.11637830734;73197.1328125;0.9515934469
;AE;1998;p29p100;378736.868331;5.06866073608;74721.2890625;0.9489823722
;AE;1998;p30p100;383068.926732;5.02500724792;76232.515625;0.9463181673
;AE;1998;p31p100;387505.243735;4.98382091522;77752.640625;0.9436020751
;AE;1998;p32p100;392047.057875;4.92379236221;79622.984375;0.9408260298
;AE;1998;p33p100;396694.648777;4.85483074188;81711.3203125;0.9379795233
;AE;1998;p34p100;401451.172785;4.79124403;83788.5078125;0.9350587085
;AE;1998;p35p100;406323.879351;4.74482965469;85635.0859375;0.9320686819
;AE;1998;p36p100;411321.119025;4.70990657806;87331.0546875;0.9290160037
;AE;1998;p37p100;416449.241328;4.66759204865;89221.4296875;0.9259016062
;AE;1998;p38p100;421710.851458;4.62116956711;91256.3046875;0.9227173328
;AE;1998;p39p100;427111.122509;4.57543611526;93348.7265625;0.9194601872
;AE;1998;p40p100;432656.15558;4.53272819519;95451.6015625;0.9161284077
;AE;1998;p41p100;438354.593653;4.49865722656;97441.2109375;0.9127246642
;AE;1998;p42p100;444215.649242;4.46911907196;99396.6875;0.9092515719
;AE;1998;p43p100;450246.304845;4.43244552612;101579.65625;0.9057059602
;AE;1998;p44p100;456451.629231;4.39262485504;103913.1875;0.9020798902
;AE;1998;p45p100;462839.948204;4.35510969162;106275.15625;0.8983710298
;AE;1998;p46p100;469420.490253;4.31713008881;108734.390625;0.8945775916
;AE;1998;p47p100;476201.251986;4.27605867386;111364.523438;0.8906941815
;AE;1998;p48p100;483191.581316;4.23727416992;114033.59375;0.8867167562
;AE;1998;p49p100;490404.586746;4.20658445358;116580.234375;0.8826467214
;AE;1998;p50p100;497854.577107;4.17397451401;119275.90625;0.8784857504
;AE;1998;p51p100;505551.265889;4.13769865036;122181.757812;0.87422555
;AE;1998;p52p100;513506.601593;4.10132312775;125205.101562;0.869860242
;AE;1998;p53p100;521736.182387;4.06837940216;128241.765625;0.865388315
;AE;1998;p54p100;530256.290077;4.03432130814;131436.3125;0.8608071654
;AE;1998;p55p100;539082.607132;4.00281858444;134675.75;0.8561109396
;AE;1998;p56p100;548238.007111;3.9769089222;137855.3125;0.8513027364
;AE;1998;p57p100;557741.679427;3.9459426403;141345.609375;0.8463768351
;AE;1998;p58p100;567613.703944;3.91684556007;144916.03125;0.8413261257
;AE;1998;p59p100;577879.757969;3.89152479172;148497.0;0.8361487632
;AE;1998;p60p100;588568.424621;3.86681270599;152210.21875;0.8308433795
;AE;1998;p61p100;599708.027112;3.84294843674;156054.140625;0.8254042139
;AE;1998;p62p100;611329.931879;3.81707859039;160156.5;0.8198255888
;AE;1998;p63p100;623466.356737;3.79242300987;164397.890625;0.8140985103
;AE;1998;p64p100;636159.723198;3.77164745331;168668.921875;0.8082224003
;AE;1998;p65p100;649452.537194;3.75023889542;173176.3125;0.8021907963
;AE;1998;p66p100;663393.838676;3.73322463036;177699.953125;0.7959990758
;AE;1998;p67p100;678043.624194;3.72047233582;182246.65625;0.7896484536
;AE;1998;p68p100;693465.019257;3.71006417274;186914.5625;0.7831352088
;AE;1998;p69p100;709722.732584;3.69459247589;192097.703125;0.7764484416
;AE;1998;p70p100;726884.920593;3.67616128922;197729.328125;0.7695717677
;AE;1998;p71p100;745023.769802;3.64997696877;204117.390625;0.7624833062
;AE;1998;p72p100;764221.847979;3.62516069412;210810.46875;0.7551612445
;AE;1998;p73p100;784590.733558;3.6031794548;217749.5625;0.7475997569
;AE;1998;p74p100;806258.784936;3.58877563477;224661.234375;0.7397926641
;AE;1998;p75p100;829387.448369;3.58435297012;231391.125;0.7317448593
;AE;1998;p76p100;854160.540159;3.58530974388;238238.984375;0.7234573927
;AE;1998;p77p100;880784.830687;3.58709526062;245542.640625;0.7149239977
;AE;1998;p78p100;909471.416086;3.58125472069;253953.28125;0.7061125781
;AE;1998;p79p100;940463.723253;3.56634402275;263705.28125;0.6969851989
;AE;1998;p80p100;974010.280367;3.53225374222;275747.53125;0.687473163
;AE;1998;p81p100;1010398.73814;3.48674082756;289783.15625;0.6774989226
;AE;1998;p82p100;1049990.38626;3.43060970306;306065.25;0.6669911025
;AE;1998;p83p100;1093157.77929;3.34054350853;327239.5;0.6558340847
;AE;1998;p84p100;1140224.16411;3.22401475906;353665.9375;0.6438318185
;AE;1998;p85p100;1191682.58163;3.10508656502;383784.0;0.6308325052
;AE;1998;p86p100;1248153.63823;2.97338247299;419775.6875;0.6166777731
;AE;1998;p87p100;1310245.23838;2.8322250843;462620.4375;0.6011158164
;AE;1998;p88p100;1378915.24348;2.69790172577;511106.53125;0.5839572187
;AE;1998;p89p100;1455310.30708;2.56200146675;568036.5;0.5649506376
;AE;1998;p91p100;1638783.79832;2.34989857674;697384.875;0.5205067716
;AE;1998;p92p100;1751109.9418;2.23397445679;783854.0625;0.4943853734
;AE;1998;p93p100;1882720.95678;2.1440372467;878119.5625;0.4650998609
;AE;1998;p94p100;2041815.16292;2.0833325386;980071.6875;0.4323444495
;AE;1998;p95p100;2242117.73405;2.0284845829;1105316.625;0.3956312889
;AE;1998;p96p100;2507709.27907;1.99316978455;1258151.375;0.3539968447
;AE;1998;p97p100;2893692.36321;1.98668837547;1456540.625;0.3063626558
;AE;1998;p98p100;3540612.29084;2.01077413559;1760820.5;0.2499024887
;AE;1998;p0p90;143621.690956;;-19939962.0;0.4561679385
;AE;1998;p0p99;235165.694284;;-19939962.0;0.8216207049
;AE;1998;p99.1p100;5342398.5204;2.11749053001;2522985.75;0.1696840431
;AE;1998;p99.1p99.2;2591391.04044;;2522985.75;0.0091452412
;AE;1998;p99.2p100;5686274.44701;2.13518381119;2663131.0;0.1605388016
;AE;1998;p99.2p99.3;2744885.05196;;2663131.0;0.0096869348
;AE;1998;p99.3p100;6106472.9474;2.15782499313;2829920.25;0.1508518672
;AE;1998;p99.3p99.4;2932095.34093;;2829920.25;0.0103476159
;AE;1998;p99.4p100;6635535.89646;2.18223285675;3040709.25;0.1405042516
;AE;1998;p99.4p99.5;3171233.32069;;3040709.25;0.0111915544
;AE;1998;p99.5p100;7328396.41008;2.21082663536;3314776.75;0.1293126972
;AE;1998;p99.5p99.6;3489602.52043;;3314776.75;0.0123151066
;AE;1998;p99.6p100;8288094.84998;2.24615883827;3689897.0;0.1169975902
;AE;1998;p99.6p99.7;3948326.98696;;3689897.0;0.0139339846
;AE;1998;p99.7p100;9734684.15841;2.29159665108;4247992.0;0.1030636059
;AE;1998;p99.7p99.8;4683607.42344;;4247992.0;0.0165288523
;AE;1998;p99.8p100;12260222.5537;2.34680128098;5224227.0;0.0865347538
;AE;1998;p99.8p99.9;6166401.07551;;5224227.0;0.0217617583
;AE;1998;p99.91p100;19533146.8318;2.45118331909;7968864.5;0.0620407354
;AE;1998;p99.91p99.92;8221105.65219;;7968864.5;0.0029012987
;AE;1998;p99.92p100;20947151.9942;2.46692156792;8491211.0;0.0591394367
;AE;1998;p99.92p99.93;8803311.94062;;8491211.0;0.0031067643
;AE;1998;p99.93p100;22681986.2682;2.48403477669;9131107.0;0.0560326724
;AE;1998;p99.93p99.94;9518724.60103;;9131107.0;0.0033592395
;AE;1998;p99.94p100;24875863.2365;2.50391316414;9934795.0;0.0526734329
;AE;1998;p99.94p99.95;10443066.1829;;9934795.0;0.0036854476
;AE;1998;p99.95p100;27762422.6796;2.52417492867;10998613.0;0.0489879853
;AE;1998;p99.95p99.96;11691975.9544;;10998613.0;0.0041261986
;AE;1998;p99.96p100;31780034.4754;2.54847025871;12470239.0;0.0448617869
;AE;1998;p99.96p99.97;13503130.0263;;12470239.0;0.0047653704
;AE;1998;p99.97p100;37872335.8978;2.57491731644;14708176.0;0.0400964164
;AE;1998;p99.97p99.98;16459125.9175;;14708176.0;0.0058085667
;AE;1998;p99.98p100;48578941.1238;2.60580086708;18642614.0;0.0342878499
;AE;1998;p99.98p99.99;22554406.1842;;18642614.0;0.0079596434
;AE;1998;p99.991p100;79664958.3524;2.65748047829;29977626.0;0.0253030023
;AE;1998;p99.991p99.992;31006841.8333;;29977626.0;0.001094258
;AE;1998;p99.992p100;85747222.7575;2.66936779022;32122672.0;0.0242087443
;AE;1998;p99.992p99.993;33418638.8449;;32122672.0;0.0011793724
;AE;1998;p99.993p100;93222734.9207;2.68056058884;34777328.0;0.0230293719
;AE;1998;p99.993p99.994;36383350.6638;;34777328.0;0.0012839996
;AE;1998;p99.994p100;102695965.837;2.69594216347;38092792.0;0.0217453723
;AE;1998;p99.994p99.995;40172374.4282;;38092792.0;0.0014177175
;AE;1998;p99.995p100;115200684.405;2.71353602409;42454084.0;0.0203276548
;AE;1998;p99.995p99.996;45273458.3603;;42454084.0;0.0015977392
;AE;1998;p99.996p100;132682490.959;2.73694562912;48478308.0;0.0187299156
